-- --------------------------------------------------------
-- 主机:                           127.0.0.1
-- 服务器版本:                        5.7.17-log - MySQL Community Server (GPL)
-- 服务器操作系统:                      Win64
-- HeidiSQL 版本:                  9.5.0.5196
-- --------------------------------------------------------

/*!40101 SET @OLD_CHARACTER_SET_CLIENT=@@CHARACTER_SET_CLIENT */;
/*!40101 SET NAMES utf8 */;
/*!50503 SET NAMES utf8mb4 */;
/*!40014 SET @OLD_FOREIGN_KEY_CHECKS=@@FOREIGN_KEY_CHECKS, FOREIGN_KEY_CHECKS=0 */;
/*!40101 SET @OLD_SQL_MODE=@@SQL_MODE, SQL_MODE='NO_AUTO_VALUE_ON_ZERO' */;


-- 导出 test 的数据库结构
DROP DATABASE IF EXISTS `test`;
CREATE DATABASE IF NOT EXISTS `test` /*!40100 DEFAULT CHARACTER SET utf8 COLLATE utf8_unicode_ci */;
USE `test`;

-- 导出  表 test.module 结构
DROP TABLE IF EXISTS `module`;
CREATE TABLE IF NOT EXISTS `module` (
  `mid` int(11) NOT NULL AUTO_INCREMENT,
  `mname` varchar(255) DEFAULT NULL,
  PRIMARY KEY (`mid`)
) ENGINE=InnoDB AUTO_INCREMENT=5 DEFAULT CHARSET=utf8;

-- 正在导出表  test.module 的数据：~4 rows (大约)
DELETE FROM `module`;
/*!40000 ALTER TABLE `module` DISABLE KEYS */;
INSERT INTO `module` (`mid`, `mname`) VALUES
	(1, 'add'),
	(2, 'delete'),
	(3, 'query'),
	(4, 'update');
/*!40000 ALTER TABLE `module` ENABLE KEYS */;

-- 导出  表 test.module_role 结构
DROP TABLE IF EXISTS `module_role`;
CREATE TABLE IF NOT EXISTS `module_role` (
  `rid` int(11) DEFAULT NULL,
  `mid` int(11) DEFAULT NULL,
  KEY `rid` (`rid`),
  KEY `mid` (`mid`),
  CONSTRAINT `mid` FOREIGN KEY (`mid`) REFERENCES `module` (`mid`),
  CONSTRAINT `rid` FOREIGN KEY (`rid`) REFERENCES `role` (`rid`)
) ENGINE=InnoDB DEFAULT CHARSET=utf8;

-- 正在导出表  test.module_role 的数据：~6 rows (大约)
DELETE FROM `module_role`;
/*!40000 ALTER TABLE `module_role` DISABLE KEYS */;
INSERT INTO `module_role` (`rid`, `mid`) VALUES
	(1, 1),
	(1, 2),
	(1, 3),
	(1, 4),
	(2, 1),
	(2, 3);
/*!40000 ALTER TABLE `module_role` ENABLE KEYS */;

-- 导出  表 test.role 结构
DROP TABLE IF EXISTS `role`;
CREATE TABLE IF NOT EXISTS `role` (
  `rid` int(11) NOT NULL AUTO_INCREMENT,
  `rname` varchar(255) DEFAULT NULL,
  PRIMARY KEY (`rid`)
) ENGINE=InnoDB AUTO_INCREMENT=4 DEFAULT CHARSET=utf8;

-- 正在导出表  test.role 的数据：~3 rows (大约)
DELETE FROM `role`;
/*!40000 ALTER TABLE `role` DISABLE KEYS */;
INSERT INTO `role` (`rid`, `rname`) VALUES
	(1, 'admin'),
	(2, 'customer'),
	(3, 'rl');
/*!40000 ALTER TABLE `role` ENABLE KEYS */;

-- 导出  表 test.single_project 结构
DROP TABLE IF EXISTS `single_project`;
CREATE TABLE IF NOT EXISTS `single_project` (
  `ID` varchar(255) COLLATE utf8_unicode_ci NOT NULL,
  `PROJECT_ID` varchar(255) COLLATE utf8_unicode_ci DEFAULT NULL,
  `USER_ID` varchar(255) COLLATE utf8_unicode_ci DEFAULT NULL,
  `ROLE_STATUS` int(11) DEFAULT NULL
) ENGINE=InnoDB DEFAULT CHARSET=utf8 COLLATE=utf8_unicode_ci;

-- 正在导出表  test.single_project 的数据：~838 rows (大约)
DELETE FROM `single_project`;
/*!40000 ALTER TABLE `single_project` DISABLE KEYS */;
INSERT INTO `single_project` (`ID`, `PROJECT_ID`, `USER_ID`, `ROLE_STATUS`) VALUES
	('246', '21', 'U0014', 1),
	('2611', '124', 'U0000731', 0),
	('3771', '201', 'U0000676', 1),
	('5479', '141', 'U0000289', 0),
	('3730', '147', 'U0000320', 0),
	('5175', '441', 'U0000349', 1),
	('5112', '21', 'U0000778', 0),
	('433', '131', 'U0000548', 0),
	('6481', '120', 'U0000811', 0),
	('5462', '144', 'U0000730', 0),
	('6890', '118', 'U0000376', 1),
	('3603', '213', 'U0000714', 0),
	('3605', '342', 'U0000736', 0),
	('3612', '213', 'U0000740', 0),
	('3609', '213', 'U0000738', 0),
	('6891', '126', 'U0000376', 1),
	('5543', '148', 'U0000131', 0),
	('3611', '241', 'U0000739', 0),
	('6892', '133', 'U0000376', 1),
	('4828', '381', 'U0000637', 0),
	('6893', '134', 'U0000376', 1),
	('6894', '213', 'U0000376', 0),
	('6896', '522', 'U0000508', 1),
	('7099', '9999', 'U0000824', 0),
	('6825', '265', 'U0000362', 1),
	('4303', '281', 'U0000723', 1),
	('4930', '381', 'U0000636', 0),
	('6888', '122', 'U0000376', 1),
	('6889', '62', 'U0000376', 1),
	('7122', '283', 'U0000698', 0),
	('7124', '221', 'U0000439', 0),
	('3488', '142', 'U0013', 0),
	('4850', '41', 'U0000601', 0),
	('7160', '9999', 'U0000131', 0),
	('1419', '241', 'U0000672', 0),
	('6685', '502', 'U0000774', 0),
	('3358', '139', 'U0000572', 0),
	('7162', '9999', 'U0000105', 0),
	('4439', '381', 'U0000549', 0),
	('5110', '131', 'U0000778', 0),
	('5113', '119', 'U0000778', 0),
	('3353', '139', 'U0000649', 0),
	('5114', '381', 'U0000778', 0),
	('7167', '503', 'U0000725', 0),
	('4335', '148', 'U0000436', 0),
	('7168', '503', 'U0000289', 0),
	('7177', '9999', 'U0000364', 0),
	('7180', '148', 'U0000797', 0),
	('6734', '503', 'U0000729', 0),
	('6333', '61', 'U0000496', 0),
	('5176', '107', 'U0000349', 1),
	('1400', '124', 'U0000559', 0),
	('5177', '123', 'U0000349', 1),
	('5178', '185', 'U0000349', 1),
	('1408', '210', 'U0000682', 0),
	('1401', '138', 'U0000468', 0),
	('5179', '108', 'U0000349', 1),
	('5180', '113', 'U0000349', 1),
	('1412', '212', 'U0000694', 0),
	('5181', '242', 'U0000349', 1),
	('1424', '144', 'U0000451', 0),
	('5182', '186', 'U0000349', 1),
	('5183', '136', 'U0000349', 1),
	('5184', '184', 'U0000349', 1),
	('5185', '405', 'U0000349', 1),
	('4528', '301', 'U0000364', 1),
	('4529', '112', 'U0000364', 1),
	('4530', '105', 'U0000364', 1),
	('4531', '106', 'U0000364', 1),
	('6334', '421', 'U0000496', 0),
	('5116', '213', 'U0000699', 0),
	('5111', '129', 'U0000778', 0),
	('5117', '136', 'U0000699', 0),
	('6340', '481', 'U0000466', 0),
	('6341', '241', 'U0000466', 0),
	('5118', '405', 'U0000699', 0),
	('7181', '148', 'U0000524', 0),
	('4927', '381', 'U0000584', 0),
	('5212', '109', 'U0000700', 0),
	('6338', '61', 'U0000485', 0),
	('6339', '112', 'U0000485', 0),
	('7186', '143', 'U0000320', 0),
	('7187', '143', 'U0000810', 0),
	('7195', '562', 'U0000632', 1),
	('5173', '128', 'U0000349', 1),
	('1900', '124', 'U0000718', 0),
	('5174', '405', 'U0000349', 1),
	('1781', '138', 'U0000101', 0),
	('5186', '109', 'U0000349', 0),
	('5187', '105', 'U0000349', 0),
	('5188', '106', 'U0000349', 0),
	('5189', '61', 'U0000349', 0),
	('5190', '441', 'U0000349', 0),
	('7198', '542', 'U0000649', 0),
	('6727', '146', 'U0000800', 0),
	('6728', '146', 'U0000783', 0),
	('6331', '221', 'U0000496', 0),
	('6332', '112', 'U0000496', 0),
	('7199', '542', 'U0000774', 0),
	('7200', '542', 'U0000572', 0),
	('5210', '422', 'U0000700', 0),
	('5211', '136', 'U0000700', 0),
	('7245', '139', 'U0000130', 0),
	('7263', '481', 'U0000618', 0),
	('5830', '141', 'U0000435', 1),
	('5801', '241', 'U0000732', 1),
	('7267', '603', 'U0000362', 0),
	('7280', '622', 'U0000349', 1),
	('7282', '502', 'U0000775', 1),
	('7388', '602', 'U001', 0),
	('7425', '722', 'U0000851', 0),
	('7426', '283', 'U0000851', 0),
	('7431', '702', 'U0000880', 0),
	('7462', '683', 'U0000885', 0),
	('7463', '683', 'U0000883', 0),
	('7464', '683', 'U0000884', 0),
	('7465', '683', 'U0000886', 0),
	('7468', '9999', 'U0000884', 0),
	('7541', '9999', 'U0000803', 0),
	('7542', '802', 'U0000696', 0),
	('7543', '802', 'U0000865', 1),
	('7584', '743', 'U001', 0),
	('7591', '9999', 'U0000909', 0),
	('7606', '842', 'U0000439', 0),
	('7607', '842', 'U0000499', 0),
	('7617', '848', 'U0000607', 1),
	('7624', '782', 'U0000821', 0),
	('7665', '848', 'U0000858', 0),
	('7672', '864', 'U001', 1),
	('7677', '863', 'U0000504', 0),
	('7678', '863', 'U0000418', 0),
	('7679', '864', 'U0000418', 0),
	('7680', '864', 'U0000498', 0),
	('7681', '864', 'U0000497', 0),
	('7688', '9999', 'U0000919', 0),
	('7689', '9999', 'U0000918', 0),
	('7711', '862', 'U0000418', 0),
	('7712', '862', 'U0000511', 0),
	('7713', '902', 'U0000499', 0),
	('7726', '903', 'U0000439', 1),
	('7728', '9999', 'U0000930', 0),
	('7732', '922', 'U0000394', 1),
	('7747', '902', 'U0000937', 0),
	('7772', '944', 'U0000362', 0),
	('7790', '112', 'U0000937', 0),
	('7791', '9999', 'U0000942', 0),
	('7828', '963', 'U0000368', 1),
	('7830', '965', 'U0000368', 1),
	('7831', '942', 'U0000937', 0),
	('7832', '962', 'U0000349', 0),
	('7833', '962', 'U0000439', 0),
	('7834', '962', 'U0000511', 0),
	('7835', '964', 'U001', 0),
	('7848', '945', 'U0000418', 0),
	('7866', '962', 'U0000504', 0),
	('6014', '221', 'U0000418', 0),
	('6015', '112', 'U0000418', 0),
	('332', '161', 'U0000288', 1),
	('2377', '143', 'U0000641', 0),
	('1879', '142', 'U0000288', 0),
	('5345', '241', 'U0000715', 0),
	('3628', '147', 'U0000467', 0),
	('6016', '61', 'U0000418', 0),
	('434', '131', 'U0000547', 0),
	('3715', '142', 'U0000727', 0),
	('6681', '221', 'U0000394', 0),
	('3301', '342', 'U0000737', 0),
	('6193', '61', 'U0000504', 0),
	('5832', '343', 'U0000629', 1),
	('6194', '112', 'U0000504', 0),
	('2383', '148', 'U0000432', 0),
	('5833', '132', 'U0000629', 1),
	('954', '132', 'U0000481', 0),
	('6414', '112', 'U0000499', 0),
	('5831', '141', 'U0000725', 0),
	('6470', '117', 'U0000368', 1),
	('5618', '241', 'U0000686', 0),
	('1438', '144', 'U0000656', 0),
	('6471', '461', 'U0000368', 1),
	('6472', '402', 'U0000368', 1),
	('4926', '381', 'U0000639', 0),
	('5901', '131', 'U0000546', 1),
	('5902', '119', 'U0000546', 1),
	('5631', '241', 'U0000683', 0),
	('2756', '135', 'U0000679', 0),
	('1221', '120', 'U0000541', 0),
	('1409', '202', 'U0000693', 0),
	('1225', '148', 'U0000137', 0),
	('3740', '204', 'U0000674', 0),
	('1475', '140', 'U0000104', 0),
	('1369', '211', 'U0000692', 0),
	('1386', '135', 'U0000689', 0),
	('1298', '118', 'U0000606', 0),
	('2753', '241', 'U0000673', 1),
	('1387', '212', 'U0000689', 0),
	('1392', '208', 'U0000671', 0),
	('1410', '213', 'U0000693', 0),
	('1411', '241', 'U0000693', 0),
	('6482', '131', 'U0000634', 0),
	('3716', '147', 'U0000727', 0),
	('5632', '241', 'U0000683', 0),
	('5346', '342', 'U0000715', 0),
	('5619', '342', 'U0000686', 0),
	('3689', '145', 'U0000654', 0),
	('3692', '143', 'U0000728', 0),
	('5903', '381', 'U0000546', 1),
	('6017', '421', 'U0000418', 0),
	('2243', '120', 'U0000712', 0),
	('5630', '135', 'U0000683', 0),
	('5904', '21', 'U0000546', 1),
	('5633', '202', 'U0000683', 0),
	('5634', '202', 'U0000683', 0),
	('5635', '201', 'U0000683', 0),
	('5636', '202', 'U0000683', 0),
	('2757', '127', 'U0000679', 0),
	('2758', '241', 'U0000679', 0),
	('2759', '241', 'U0000679', 0),
	('2760', '202', 'U0000679', 0),
	('2761', '202', 'U0000679', 0),
	('2762', '213', 'U0000679', 0),
	('2763', '202', 'U0000679', 0),
	('6415', '61', 'U0000499', 0),
	('2764', '202', 'U0000679', 0),
	('2765', '241', 'U0000679', 0),
	('2766', '241', 'U0000679', 0),
	('5804', '128', 'U0000696', 0),
	('5815', '143', 'U0023', 0),
	('4062', '147', 'U0000135', 0),
	('5816', '144', 'U0023', 1),
	('6018', '321', 'U0000418', 0),
	('3713', '342', 'U0000687', 0),
	('6412', '182', 'U0000499', 0),
	('5637', '202', 'U0000683', 0),
	('5616', '213', 'U0000686', 0),
	('5617', '207', 'U0000686', 0),
	('5638', '201', 'U0000683', 0),
	('5639', '342', 'U0000683', 0),
	('3734', '201', 'U0000690', 0),
	('3735', '213', 'U0000690', 0),
	('3738', '213', 'U0000674', 0),
	('3739', '241', 'U0000674', 0),
	('5905', '129', 'U0000546', 1),
	('6413', '402', 'U0000499', 0),
	('6473', '181', 'U0000368', 1),
	('6474', '401', 'U0000368', 1),
	('6475', '403', 'U0000368', 1),
	('6682', '61', 'U0000394', 0),
	('6683', '182', 'U0000394', 0),
	('6684', '112', 'U0000394', 0),
	('6850', '182', 'U0000439', 0),
	('6691', '103', 'U001', 1),
	('6191', '402', 'U0000504', 0),
	('6192', '461', 'U0000504', 0),
	('6692', '115', 'U001', 1),
	('7089', '481', 'U0000820', 0),
	('5929', '128', 'U0000356', 0),
	('6714', '62', 'U0000493', 0),
	('6694', '503', 'U0000454', 0),
	('6695', '130', 'U0000496', 0),
	('6696', '183', 'U0000496', 1),
	('6697', '121', 'U0000496', 1),
	('4192', '128', 'U0000579', 0),
	('6698', '341', 'U0000496', 1),
	('6851', '61', 'U0000439', 0),
	('6716', '422', 'U0000699', 1),
	('6675', '161', 'U0000394', 1),
	('6476', '404', 'U0000368', 1),
	('6477', '221', 'U0000368', 1),
	('6680', '104', 'U0000394', 0),
	('6852', '112', 'U0000439', 0),
	('6468', '101', 'U0000368', 1),
	('6469', '102', 'U0000368', 1),
	('6853', '321', 'U0000439', 0),
	('6854', '161', 'U0000705', 0),
	('6855', '61', 'U0000705', 0),
	('6856', '381', 'U0000705', 0),
	('6848', '402', 'U0000439', 0),
	('6849', '104', 'U0000439', 0),
	('6857', '131', 'U0000552', 0),
	('7092', '481', 'U0000821', 0),
	('7093', '481', 'U0000823', 0),
	('7098', '61', 'U0000824', 0),
	('7120', '283', 'U0014', 0),
	('7140', '283', 'U0000699', 0),
	('7169', '9999', 'U0000489', 0),
	('7170', '9999', 'U005', 0),
	('7172', '542', 'U0000394', 1),
	('7173', '143', 'U0000126', 1),
	('7174', '504', 'U0000131', 1),
	('7175', '148', 'U0000490', 1),
	('7182', '502', 'U0000791', 0),
	('7189', '481', 'U0000822', 0),
	('7192', '504', 'U0000139', 0),
	('7193', '504', 'U0000430', 0),
	('7194', '504', 'U0000432', 0),
	('7201', '140', 'U0000626', 0),
	('7202', '9999', 'U0000827', 0),
	('7229', '143', 'U0000757', 0),
	('7230', '143', 'U0000523', 0),
	('7231', '143', 'U0000730', 0),
	('7241', '602', 'U0000439', 0),
	('7246', '604', 'U0000436', 1),
	('7247', '9999', 'U0000826', 0),
	('7248', '9999', 'U0000825', 0),
	('7281', '148', 'U0000844', 0),
	('7301', '9999', 'U0000851', 0),
	('7320', '642', 'U0000368', 1),
	('7360', '642', 'U0000499', 0),
	('7361', '642', 'U0000439', 0),
	('7362', '503', 'U0000523', 0),
	('7363', '504', 'U0000757', 0),
	('7382', '342', 'U0000858', 0),
	('7383', '504', 'U0000824', 0),
	('7384', '138', 'U0000800', 0),
	('7385', '138', 'U0000649', 0),
	('7386', '138', 'U0000839', 0),
	('7387', '138', 'U0000843', 0),
	('7390', '682', 'U0000498', 0),
	('7391', '682', 'U0000418', 0),
	('7392', '682', 'U0000497', 0),
	('7393', '682', 'U0000504', 0),
	('7394', '683', 'U0000418', 1),
	('7402', '703', 'U0000376', 0),
	('7427', '742', 'U0000511', 1),
	('7433', '9999', 'U0000624', 0),
	('7438', '722', 'U0000618', 0),
	('7439', '283', 'U0000618', 0),
	('7442', '722', 'U0000835', 0),
	('7443', '283', 'U0000835', 0),
	('7444', '602', 'U0000498', 0),
	('7480', '802', 'U0000803', 0),
	('7520', '682', 'U0000821', 0),
	('7521', '682', 'U0000820', 0),
	('7525', '9999', 'U0000871', 0),
	('7562', '822', 'U0000870', 0),
	('7563', '822', 'U0000872', 0),
	('7588', '503', 'U0000862', 0),
	('7589', '503', 'U0000649', 0),
	('7590', '503', 'U0000888', 0),
	('7600', '842', 'U0000368', 1),
	('7601', '843', 'U0000368', 1),
	('7608', '843', 'U0000439', 0),
	('7609', '843', 'U0000499', 0),
	('7610', '844', 'U0000439', 0),
	('7611', '844', 'U0000499', 0),
	('7623', '118', 'U0000466', 0),
	('7625', '782', 'U0000820', 0),
	('7666', '782', 'U0000920', 0),
	('7667', '862', 'U0000439', 1),
	('7670', '782', 'U0000925', 0),
	('7671', '9999', 'U0000925', 0),
	('7693', '703', 'U0000820', 0),
	('7694', '703', 'U0000466', 0),
	('7696', '882', 'U0000394', 1),
	('7709', '9999', 'U0000874', 0),
	('7729', '9999', 'U0000932', 0),
	('7730', '903', 'U0000504', 0),
	('7731', '903', 'U0000497', 0),
	('7766', '942', 'U0000439', 1),
	('7767', '943', 'U0000349', 1),
	('7768', '944', 'U0000349', 1),
	('7773', '943', 'U0000362', 0),
	('7774', '943', 'U0000821', 0),
	('7775', '943', 'U0000647', 0),
	('7776', '943', 'U0000820', 0),
	('7786', '9999', 'U0000914', 0),
	('7787', '848', 'U0000914', 0),
	('7788', '848', 'U0000919', 0),
	('7789', '848', 'U0000918', 0),
	('7807', '742', 'U0000925', 0),
	('7827', '962', 'U0000368', 1),
	('7836', '965', 'U0000349', 0),
	('6588', '140', 'U0000810', 0),
	('7837', '965', 'U0000374', 0),
	('7838', '963', 'U0000515', 0),
	('7839', '963', 'U0000499', 0),
	('7840', '963', 'U0000439', 0),
	('7841', '963', 'U001', 0),
	('7842', '922', 'U0000511', 0),
	('7843', '922', 'U0000439', 0),
	('7845', '965', 'U0000375', 0),
	('7846', '965', 'U0000528', 0),
	('7847', '965', 'U0000362', 0),
	('6705', '145', 'U0000136', 1),
	('6712', '146', 'U0000130', 0),
	('4900', '241', 'U0000515', 0),
	('5930', '138', 'U0000348', 1),
	('4841', '108', 'U0000503', 0),
	('4842', '128', 'U0000503', 0),
	('6720', '137', 'U0000797', 0),
	('736', '131', 'U0000551', 0),
	('5952', '118', 'U0000698', 0),
	('3762', '241', 'U0000713', 0),
	('3763', '202', 'U0000713', 0),
	('430', '131', 'U0000555', 0),
	('686', '140', 'U0000526', 0),
	('6713', '145', 'U0000130', 0),
	('4951', '381', 'U0000556', 0),
	('1378', '204', 'U0000688', 0),
	('1367', '209', 'U0000691', 0),
	('6586', '111', 'U0000521', 1),
	('1591', '127', 'U0000500', 0),
	('6385', '161', 'U0000635', 0),
	('5383', '140', 'U005', 1),
	('4901', '118', 'U0000515', 0),
	('3764', '213', 'U0000713', 0),
	('5953', '118', 'U0000580', 0),
	('6386', '131', 'U0000635', 0),
	('3765', '202', 'U0000713', 0),
	('6387', '482', 'U0000635', 0),
	('6424', '61', 'U0000498', 0),
	('5954', '109', 'U0000580', 0),
	('5962', '118', 'U0000578', 0),
	('1592', '136', 'U0000500', 0),
	('6425', '112', 'U0000498', 0),
	('5963', '133', 'U0000578', 0),
	('3729', '118', 'U0000622', 0),
	('6726', '504', 'U0000782', 0),
	('6426', '182', 'U0000498', 0),
	('1318', '207', 'U0000669', 0),
	('3188', '138', 'U0000391', 0),
	('3189', '145', 'U0000391', 0),
	('1480', '135', 'U0000673', 0),
	('6730', '503', 'U0000269', 1),
	('6860', '120', 'U0000538', 1),
	('6749', '109', 'U0000374', 0),
	('5964', '109', 'U0000578', 0),
	('5965', '241', 'U0000578', 0),
	('6872', '118', 'U0000704', 0),
	('4484', '147', 'U0000757', 0),
	('3187', '140', 'U0000391', 0),
	('5966', '282', 'U0000578', 0),
	('5450', '116', 'U0000480', 1),
	('6587', '139', 'U0000521', 1),
	('2161', '264', 'U0000707', 0),
	('6422', '482', 'U0000498', 0),
	('6423', '101', 'U0000498', 0),
	('2160', '120', 'U0000707', 0),
	('6750', '106', 'U0000374', 0),
	('3770', '241', 'U0000738', 1),
	('2169', '120', 'U0000558', 0),
	('6751', '61', 'U0000374', 0),
	('6752', '221', 'U0000374', 0),
	('3899', '148', 'U0000430', 0),
	('3900', '161', 'U0000638', 0),
	('6873', '405', 'U0000704', 0),
	('4774', '213', 'U0000770', 0),
	('3901', '114', 'U0000502', 1),
	('4428', '401', 'U001', 0),
	('4429', '403', 'U001', 0),
	('4430', '404', 'U001', 0),
	('4431', '112', 'U001', 0),
	('6899', '9999', 'U0000320', 0),
	('4775', '124', 'U0000438', 1),
	('6747', '128', 'U0000374', 0),
	('6748', '108', 'U0000374', 0),
	('6900', '9999', 'U0013', 0),
	('6901', '9999', 'U0000101', 0),
	('6902', '9999', 'U0000104', 0),
	('5412', '241', 'U0000647', 0),
	('6903', '9999', 'U0000126', 0),
	('5413', '221', 'U0000647', 0),
	('4552', '213', 'U0000684', 0),
	('6904', '9999', 'U0000130', 0),
	('6905', '9999', 'U0000136', 0),
	('6895', '141', 'U0000754', 0),
	('6898', '9999', 'U0000135', 0),
	('6906', '9999', 'U0000139', 0),
	('5414', '118', 'U0000647', 0),
	('2566', '281', 'U0000676', 0),
	('6907', '9999', 'U0000269', 0),
	('6908', '9999', 'U0000289', 0),
	('6909', '9999', 'U0000314', 0),
	('6910', '9999', 'U0000349', 0),
	('6911', '9999', 'U0000356', 0),
	('6912', '9999', 'U0000362', 0),
	('6913', '9999', 'U0000371', 0),
	('6914', '9999', 'U0000374', 0),
	('6915', '9999', 'U0000375', 0),
	('4479', '104', 'U0000343', 1),
	('6916', '9999', 'U0000376', 0),
	('6917', '9999', 'U0000390', 0),
	('6918', '9999', 'U0000391', 0),
	('6919', '9999', 'U0000394', 0),
	('6920', '9999', 'U0000438', 0),
	('6921', '9999', 'U0000468', 0),
	('6922', '9999', 'U0000493', 0),
	('6923', '9999', 'U0000416', 0),
	('5165', '421', 'U0000480', 0),
	('5166', '221', 'U0000480', 0),
	('5075', '205', 'U0000684', 1),
	('5076', '203', 'U0000684', 1),
	('5167', '61', 'U0000480', 0),
	('5168', '112', 'U0000480', 0),
	('5169', '130', 'U0000480', 0),
	('6924', '9999', 'U0000418', 0),
	('6925', '9999', 'U0000439', 0),
	('6926', '9999', 'U0000444', 0),
	('6927', '9999', 'U0000424', 0),
	('6928', '9999', 'U0000450', 0),
	('6929', '9999', 'U0000463', 0),
	('6930', '9999', 'U0000430', 0),
	('6931', '9999', 'U0000432', 0),
	('6932', '9999', 'U0000436', 0),
	('6933', '9999', 'U0000454', 0),
	('6934', '9999', 'U0000466', 0),
	('6935', '9999', 'U0000467', 0),
	('6936', '9999', 'U0000479', 0),
	('6937', '9999', 'U0000480', 0),
	('6938', '9999', 'U0000481', 0),
	('6939', '9999', 'U0000485', 0),
	('6940', '9999', 'U0000618', 0),
	('6941', '9999', 'U0000503', 0),
	('6942', '9999', 'U0000511', 0),
	('6943', '9999', 'U0000515', 0),
	('6944', '9999', 'U0000538', 0),
	('6945', '9999', 'U0000541', 0),
	('6946', '9999', 'U0000550', 0),
	('6947', '9999', 'U0000553', 0),
	('6948', '9999', 'U0000502', 0),
	('6949', '9999', 'U0000544', 0),
	('6950', '9999', 'U0000549', 0),
	('6951', '9999', 'U0000558', 0),
	('6952', '9999', 'U0000578', 0),
	('6953', '9999', 'U0000589', 0),
	('6954', '9999', 'U0000592', 0),
	('6955', '9999', 'U0000622', 0),
	('6956', '9999', 'U0000546', 0),
	('6957', '9999', 'U0000552', 0),
	('6958', '9999', 'U0000581', 0),
	('6959', '9999', 'U0000584', 0),
	('6960', '9999', 'U0000626', 0),
	('6961', '9999', 'U0000607', 0),
	('6962', '9999', 'U0000545', 0),
	('6963', '9999', 'U0000579', 0),
	('6964', '9999', 'U0000580', 0),
	('6965', '9999', 'U0000582', 0),
	('6966', '9999', 'U0000504', 0),
	('6967', '9999', 'U0000523', 0),
	('6968', '9999', 'U0000528', 0),
	('6969', '9999', 'U0000539', 0),
	('6970', '9999', 'U0000543', 0),
	('6971', '9999', 'U0000548', 0),
	('6972', '9999', 'U0000572', 0),
	('6973', '9999', 'U0000496', 0),
	('6974', '9999', 'U0000497', 0),
	('6975', '9999', 'U0000498', 0),
	('6976', '9999', 'U0000499', 0),
	('6977', '9999', 'U0000540', 0),
	('6978', '9999', 'U0000547', 0),
	('6979', '9999', 'U0000554', 0),
	('6980', '9999', 'U0000555', 0),
	('6981', '9999', 'U0000556', 0),
	('6982', '9999', 'U0000559', 0),
	('6983', '9999', 'U0000560', 0),
	('6984', '9999', 'U0000647', 0),
	('6985', '9999', 'U0000656', 0),
	('6986', '9999', 'U0000699', 0),
	('6987', '9999', 'U0000700', 0),
	('6988', '9999', 'U0000712', 0),
	('6989', '9999', 'U0000718', 0),
	('6990', '9999', 'U0000722', 0),
	('6991', '9999', 'U0000723', 0),
	('6992', '9999', 'U0000729', 0),
	('6993', '9999', 'U0000732', 0),
	('6994', '9999', 'U0000632', 0),
	('6995', '9999', 'U0000708', 0),
	('6996', '9999', 'U0000731', 0),
	('6997', '9999', 'U0000737', 0),
	('6998', '9999', 'U0000739', 0),
	('6999', '9999', 'U0000754', 0),
	('7000', '9999', 'U0000756', 0),
	('7001', '9999', 'U0000758', 0),
	('7002', '9999', 'U0000629', 0),
	('7003', '9999', 'U0000705', 0),
	('7004', '9999', 'U0000730', 0),
	('7005', '9999', 'U0000778', 0),
	('7006', '9999', 'U0000783', 0),
	('7007', '9999', 'U0000791', 0),
	('7008', '9999', 'U0000672', 0),
	('7009', '9999', 'U0000451', 0),
	('7010', '9999', 'U0000680', 0),
	('7011', '9999', 'U0000683', 0),
	('7012', '9999', 'U0000685', 0),
	('7013', '9999', 'U0000686', 0),
	('7014', '9999', 'U0000690', 0),
	('7015', '9999', 'U001', 0),
	('7016', '9999', 'U0000728', 0),
	('7017', '9999', 'U0000757', 0),
	('7018', '9999', 'U0000637', 0),
	('7019', '9999', 'U0000649', 0),
	('7020', '9999', 'U0000684', 0),
	('7021', '9999', 'U0000710', 0),
	('7022', '9999', 'U0000741', 0),
	('7023', '9999', 'U0000761', 0),
	('7024', '9999', 'U0000774', 0),
	('7025', '9999', 'U0000636', 0),
	('7026', '9999', 'U0000704', 0),
	('7027', '9999', 'U0000745', 0),
	('7028', '9999', 'U0000747', 0),
	('7029', '9999', 'U0000770', 0),
	('7030', '9999', 'U0000777', 0),
	('7031', '9999', 'U0000782', 0),
	('7032', '9999', 'U0000634', 0),
	('7033', '9999', 'U0000635', 0),
	('7034', '9999', 'U0000639', 0),
	('7035', '9999', 'U0000709', 0),
	('7036', '9999', 'U0000715', 0),
	('7037', '9999', 'U0000716', 0),
	('7038', '9999', 'U0000717', 0),
	('7039', '9999', 'U0000725', 0),
	('7040', '9999', 'U0000669', 0),
	('7041', '9999', 'U0000670', 0),
	('7042', '9999', 'U0000674', 0),
	('7043', '9999', 'U0000676', 0),
	('7044', '9999', 'U0000682', 0),
	('7045', '9999', 'U0000688', 0),
	('7046', '9999', 'U0000689', 0),
	('7047', '9999', 'U0000691', 0),
	('7048', '9999', 'U0000694', 0),
	('7049', '9999', 'U0000696', 0),
	('7050', '9999', 'U0000697', 0),
	('7051', '9999', 'U0000698', 0),
	('7052', '9999', 'U0000800', 0),
	('7053', '9999', 'U0000797', 0),
	('7054', '9999', 'U0000811', 0),
	('7055', '9999', 'U0000810', 0),
	('7087', '118', 'U0000493', 0),
	('7088', '118', 'U0000582', 0),
	('7094', '221', 'U0000362', 0),
	('7163', '9999', 'U0023', 0),
	('7164', '9999', 'U003', 0),
	('7166', '9999', 'U0000348', 0),
	('7178', '543', 'U0000364', 1),
	('7284', '130', 'U0000418', 1),
	('7341', '662', 'U0000854', 1),
	('7364', '342', 'U0000676', 0),
	('7401', '622', 'U0000362', 0),
	('7428', '742', 'U0000376', 0),
	('7522', '9999', 'U0000873', 0),
	('7523', '9999', 'U0000870', 0),
	('7524', '9999', 'U0000872', 0),
	('7540', '722', 'U0000546', 1),
	('7560', '822', 'U0000873', 1),
	('7604', '846', 'U0000368', 1),
	('7620', '846', 'U0000504', 0),
	('7621', '846', 'U0000497', 0),
	('7622', '846', 'U0000498', 0),
	('7669', '343', 'U0000925', 0),
	('7676', '702', 'U0000504', 0),
	('7706', '120', 'U0000875', 0),
	('7769', '802', 'U0000932', 0),
	('7770', '782', 'U0000747', 0),
	('7806', '742', 'U0000607', 0),
	('7826', '945', 'U0000932', 0),
	('5121', '61', 'U0000497', 0),
	('6119', '283', 'U0000607', 0),
	('1188', '103', 'U0000711', 1),
	('1189', '115', 'U0000711', 1),
	('1226', '128', 'U0000371', 0),
	('4482', '138', 'U0000756', 0),
	('6117', '282', 'U0000607', 1),
	('6118', '241', 'U0000607', 1),
	('5942', '118', 'U0000697', 0),
	('5960', '133', 'U0000722', 0),
	('5674', '342', 'U0000734', 0),
	('5950', '118', 'U0000581', 0),
	('7095', '242', 'U0000362', 0),
	('363', '131', 'U0000550', 0),
	('7123', '9999', 'U0000368', 0),
	('7222', '145', 'U0000649', 0),
	('1100', '120', 'U0000390', 0),
	('1301', '135', 'U0000681', 0),
	('7223', '582', 'U0000368', 1),
	('3082', '61', 'U0000382', 0),
	('7226', '582', 'U0000439', 0),
	('1192', '120', 'U0000709', 0),
	('7227', '582', 'U0000511', 0),
	('7228', '582', 'U001', 0),
	('1302', '213', 'U0000681', 0),
	('7242', '381', 'U0000635', 0),
	('5951', '109', 'U0000581', 0),
	('748', '137', 'U0000139', 0),
	('7260', '9999', 'U0000843', 0),
	('5961', '109', 'U0000722', 0),
	('5119', '161', 'U0000497', 0),
	('5967', '118', 'U0000747', 0),
	('7262', '9999', 'U0000841', 0),
	('1203', '120', 'U0000539', 0),
	('1216', '120', 'U0000708', 0),
	('1220', '120', 'U0000710', 0),
	('7264', '604', 'U0000432', 0),
	('7265', '604', 'U0000135', 0),
	('7266', '242', 'U0000696', 0),
	('3717', '146', 'U0000643', 0),
	('5120', '112', 'U0000497', 0),
	('5265', '422', 'U0000618', 0),
	('5266', '136', 'U0000618', 0),
	('5267', '213', 'U0000618', 0),
	('1820', '140', 'U0000269', 0),
	('5958', '118', 'U0000722', 0),
	('1821', '138', 'U0000269', 0),
	('5959', '213', 'U0000722', 0),
	('5968', '109', 'U0000747', 0),
	('7302', '124', 'U0000485', 0),
	('7340', '9999', 'U0000854', 0),
	('5969', '128', 'U0000528', 0),
	('5970', '106', 'U0000528', 0),
	('7380', '342', 'U0000629', 0),
	('2549', '109', 'U0000375', 0),
	('1862', '140', 'U0000523', 0),
	('1899', '124', 'U0000717', 0),
	('7381', '342', 'U0000857', 0),
	('1876', '143', 'U0000444', 0),
	('2550', '106', 'U0000375', 0),
	('5544', '137', 'U0000489', 1),
	('2551', '108', 'U0000375', 0),
	('3718', '140', 'U0000643', 0),
	('3719', '141', 'U0000643', 0),
	('2170', '120', 'U0000560', 0),
	('5568', '145', 'U0000479', 0),
	('6703', '143', 'U0000463', 0),
	('6701', '139', 'U0000463', 0),
	('7389', '682', 'U001', 1),
	('7430', '9999', 'U0000880', 0),
	('6702', '142', 'U0000463', 0),
	('2567', '281', 'U0000680', 0),
	('6704', '482', 'U0000632', 1),
	('5881', '206', 'U0000745', 0),
	('2568', '135', 'U0000680', 0),
	('2569', '213', 'U0000680', 0),
	('7432', '9999', 'U0000835', 0),
	('7434', '9999', 'U0000859', 0),
	('7436', '283', 'U0000700', 0),
	('7437', '722', 'U0000700', 0),
	('7440', '722', 'U0000812', 0),
	('6171', '124', 'U0000716', 0),
	('3051', '343', 'U0000629', 0),
	('7441', '283', 'U0000812', 0),
	('6013', '131', 'U0000761', 0),
	('7445', '283', 'U0000546', 1),
	('7502', '782', 'U0000629', 0),
	('7503', '782', 'U0000858', 0),
	('7561', '822', 'U0000871', 0),
	('2382', '140', 'U0000416', 0),
	('7582', '118', 'U0000858', 0),
	('7602', '844', 'U0000368', 1),
	('7603', '845', 'U0000368', 1),
	('3487', '142', 'U0000626', 0),
	('6012', '119', 'U0000761', 0),
	('7605', '847', 'U0000368', 1),
	('3645', '206', 'U0000677', 1),
	('7612', '845', 'U0000439', 0),
	('7613', '845', 'U0000499', 0),
	('3080', '321', 'U0000382', 0),
	('3081', '112', 'U0000382', 0),
	('7614', '846', 'U0000439', 0),
	('3707', '118', 'U0000733', 0),
	('2548', '128', 'U0000375', 0),
	('7615', '846', 'U0000499', 0),
	('7616', '846', 'U001', 0),
	('7668', '863', 'U001', 1),
	('7673', '802', 'U0000629', 0),
	('7674', '802', 'U0000857', 0),
	('3748', '342', 'U0000685', 0),
	('3749', '213', 'U0000685', 0),
	('7675', '802', 'U0000921', 0),
	('6120', '481', 'U0000607', 1),
	('7687', '9999', 'U0000921', 0),
	('7690', '802', 'U0000698', 0),
	('7692', '703', 'U0000607', 1),
	('7695', '882', 'U0000394', 1),
	('7697', '883', 'U0000394', 1),
	('7707', '120', 'U0000874', 0),
	('7710', '902', 'U0000439', 1),
	('7727', '863', 'U0000930', 0),
	('7746', '9999', 'U0000937', 0),
	('7771', '945', 'U001', 1),
	('7792', '945', 'U0000930', 0),
	('7886', '982', 'U0000394', 1),
	('369', '131', 'U0000554', 0),
	('1222', '120', 'U0000706', 0),
	('6811', '263', 'U0000511', 1),
	('6812', '361', 'U0000511', 1),
	('652', '122', 'U0000582', 0),
	('1304', '202', 'U0000678', 0),
	('6813', '362', 'U0000511', 1),
	('6814', '61', 'U0000511', 1),
	('2896', '120', 'U0000540', 0),
	('6421', '109', 'U0000347', 1),
	('7082', '9999', 'U0000820', 0),
	('6815', '105', 'U0000511', 1),
	('3782', '342', 'U0000670', 1),
	('3783', '202', 'U0000670', 1),
	('6816', '106', 'U0000511', 1),
	('6817', '110', 'U0000511', 1),
	('6818', '264', 'U0000511', 1),
	('6819', '321', 'U0000511', 1),
	('6820', '421', 'U0000511', 1),
	('6821', '261', 'U0000511', 1),
	('7083', '9999', 'U0000821', 0),
	('6822', '262', 'U0000511', 1),
	('6824', '128', 'U0000362', 0),
	('5105', '21', 'U0000777', 0),
	('4898', '381', 'U0000760', 0),
	('6826', '146', 'U0000454', 0),
	('6809', '112', 'U0000511', 1),
	('781', '131', 'U0000553', 0),
	('5106', '381', 'U0000777', 0),
	('5107', '129', 'U0000777', 0),
	('5108', '131', 'U0000777', 0),
	('6810', '182', 'U0000511', 1),
	('6382', '142', 'U003', 1),
	('1463', '137', 'U0000450', 0),
	('6843', '210', 'U0000525', 1),
	('6844', '204', 'U0000525', 1),
	('5670', '342', 'U0000741', 0),
	('6845', '211', 'U0000525', 1),
	('5668', '213', 'U0000741', 0),
	('5669', '241', 'U0000741', 0),
	('5077', '120', 'U0000758', 0),
	('5104', '119', 'U0000777', 0),
	('6846', '212', 'U0000525', 1),
	('6847', '209', 'U0000525', 1),
	('6897', '523', 'U0000508', 1),
	('7084', '9999', 'U0000823', 0),
	('3503', '145', 'U0000655', 0),
	('6841', '207', 'U0000525', 1),
	('6842', '208', 'U0000525', 1),
	('7085', '321', 'U0000485', 0),
	('7086', '106', 'U0000362', 0),
	('7090', '481', 'U0000515', 0),
	('7091', '481', 'U0000647', 0),
	('7096', '422', 'U0000812', 0),
	('7097', '9999', 'U0000812', 0),
	('7100', '213', 'U0000684', 1),
	('7121', '9999', 'U0014', 0),
	('7161', '9999', 'U0000719', 0);
/*!40000 ALTER TABLE `single_project` ENABLE KEYS */;

-- 导出  表 test.system_config 结构
DROP TABLE IF EXISTS `system_config`;
CREATE TABLE IF NOT EXISTS `system_config` (
  `id` int(11) NOT NULL AUTO_INCREMENT,
  `static_website` varchar(255) COLLATE utf8_unicode_ci DEFAULT NULL COMMENT '静态资源路径（js、css等）',
  PRIMARY KEY (`id`)
) ENGINE=InnoDB AUTO_INCREMENT=2 DEFAULT CHARSET=utf8 COLLATE=utf8_unicode_ci COMMENT='系统配置表';

-- 正在导出表  test.system_config 的数据：~1 rows (大约)
DELETE FROM `system_config`;
/*!40000 ALTER TABLE `system_config` DISABLE KEYS */;
INSERT INTO `system_config` (`id`, `static_website`) VALUES
	(1, 'http://localhost:8762');
/*!40000 ALTER TABLE `system_config` ENABLE KEYS */;

-- 导出  表 test.system_img 结构
DROP TABLE IF EXISTS `system_img`;
CREATE TABLE IF NOT EXISTS `system_img` (
  `id` int(50) unsigned NOT NULL AUTO_INCREMENT,
  `login_img` varchar(255) COLLATE utf8_unicode_ci NOT NULL COMMENT '登录界面背景图片',
  PRIMARY KEY (`id`)
) ENGINE=InnoDB DEFAULT CHARSET=utf8 COLLATE=utf8_unicode_ci COMMENT='系统图片配置';

-- 正在导出表  test.system_img 的数据：~0 rows (大约)
DELETE FROM `system_img`;
/*!40000 ALTER TABLE `system_img` DISABLE KEYS */;
/*!40000 ALTER TABLE `system_img` ENABLE KEYS */;

-- 导出  表 test.user 结构
DROP TABLE IF EXISTS `user`;
CREATE TABLE IF NOT EXISTS `user` (
  `uid` int(11) NOT NULL AUTO_INCREMENT,
  `username` varchar(255) DEFAULT NULL,
  `password` varchar(255) DEFAULT NULL,
  PRIMARY KEY (`uid`)
) ENGINE=InnoDB AUTO_INCREMENT=31 DEFAULT CHARSET=utf8;

-- 正在导出表  test.user 的数据：~3 rows (大约)
DELETE FROM `user`;
/*!40000 ALTER TABLE `user` DISABLE KEYS */;
INSERT INTO `user` (`uid`, `username`, `password`) VALUES
	(1, 'rl', '0'),
	(28, 'clot', '2YecI17N58Se1Ha7Aa7N98G75B03AfcNbfMb3A73Se8Ud9O3'),
	(30, 'sheamus', '2YecI17N58Se1Ha7Aa7N98G75B03AfcNbfMb3A73Se8Ud9O3');
/*!40000 ALTER TABLE `user` ENABLE KEYS */;

-- 导出  表 test.user_role 结构
DROP TABLE IF EXISTS `user_role`;
CREATE TABLE IF NOT EXISTS `user_role` (
  `uid` int(11) DEFAULT NULL,
  `rid` int(11) DEFAULT NULL,
  KEY `u_fk` (`uid`),
  KEY `r_fk` (`rid`),
  CONSTRAINT `r_fk` FOREIGN KEY (`rid`) REFERENCES `role` (`rid`),
  CONSTRAINT `u_fk` FOREIGN KEY (`uid`) REFERENCES `user` (`uid`)
) ENGINE=InnoDB DEFAULT CHARSET=utf8;

-- 正在导出表  test.user_role 的数据：~2 rows (大约)
DELETE FROM `user_role`;
/*!40000 ALTER TABLE `user_role` DISABLE KEYS */;
INSERT INTO `user_role` (`uid`, `rid`) VALUES
	(28, 1),
	(28, 2);
/*!40000 ALTER TABLE `user_role` ENABLE KEYS */;

/*!40101 SET SQL_MODE=IFNULL(@OLD_SQL_MODE, '') */;
/*!40014 SET FOREIGN_KEY_CHECKS=IF(@OLD_FOREIGN_KEY_CHECKS IS NULL, 1, @OLD_FOREIGN_KEY_CHECKS) */;
/*!40101 SET CHARACTER_SET_CLIENT=@OLD_CHARACTER_SET_CLIENT */;
