/*
Navicat MySQL Data Transfer

Source Server         : Local
Source Server Version : 50717
Source Host           : localhost:3306
Source Database       : test

Target Server Type    : MYSQL
Target Server Version : 50717
File Encoding         : 65001

Date: 2018-08-24 13:13:23
*/

SET FOREIGN_KEY_CHECKS=0;

-- ----------------------------
-- Table structure for module
-- ----------------------------
DROP TABLE IF EXISTS `module`;
CREATE TABLE `module` (
  `mid` int(11) NOT NULL AUTO_INCREMENT,
  `mname` varchar(255) DEFAULT NULL,
  PRIMARY KEY (`mid`)
) ENGINE=InnoDB AUTO_INCREMENT=5 DEFAULT CHARSET=utf8;

-- ----------------------------
-- Records of module
-- ----------------------------
INSERT INTO `module` VALUES ('1', 'add');
INSERT INTO `module` VALUES ('2', 'delete');
INSERT INTO `module` VALUES ('3', 'query');
INSERT INTO `module` VALUES ('4', 'update');

-- ----------------------------
-- Table structure for module_role
-- ----------------------------
DROP TABLE IF EXISTS `module_role`;
CREATE TABLE `module_role` (
  `rid` int(11) DEFAULT NULL,
  `mid` int(11) DEFAULT NULL,
  KEY `rid` (`rid`),
  KEY `mid` (`mid`),
  CONSTRAINT `mid` FOREIGN KEY (`mid`) REFERENCES `module` (`mid`),
  CONSTRAINT `rid` FOREIGN KEY (`rid`) REFERENCES `role` (`rid`)
) ENGINE=InnoDB DEFAULT CHARSET=utf8;

-- ----------------------------
-- Records of module_role
-- ----------------------------
INSERT INTO `module_role` VALUES ('1', '1');
INSERT INTO `module_role` VALUES ('1', '2');
INSERT INTO `module_role` VALUES ('1', '3');
INSERT INTO `module_role` VALUES ('1', '4');
INSERT INTO `module_role` VALUES ('2', '1');
INSERT INTO `module_role` VALUES ('2', '3');

-- ----------------------------
-- Table structure for role
-- ----------------------------
DROP TABLE IF EXISTS `role`;
CREATE TABLE `role` (
  `rid` int(11) NOT NULL AUTO_INCREMENT,
  `rname` varchar(255) DEFAULT NULL,
  PRIMARY KEY (`rid`)
) ENGINE=InnoDB AUTO_INCREMENT=3 DEFAULT CHARSET=utf8;

-- ----------------------------
-- Records of role
-- ----------------------------
INSERT INTO `role` VALUES ('1', 'admin');
INSERT INTO `role` VALUES ('2', 'customer');

-- ----------------------------
-- Table structure for single_project
-- ----------------------------
DROP TABLE IF EXISTS `single_project`;
CREATE TABLE `single_project` (
  `ID` varchar(255) COLLATE utf8_unicode_ci NOT NULL,
  `PROJECT_ID` varchar(255) COLLATE utf8_unicode_ci DEFAULT NULL,
  `USER_ID` varchar(255) COLLATE utf8_unicode_ci DEFAULT NULL,
  `ROLE_STATUS` int(11) DEFAULT NULL
) ENGINE=InnoDB DEFAULT CHARSET=utf8 COLLATE=utf8_unicode_ci;

-- ----------------------------
-- Records of single_project
-- ----------------------------
INSERT INTO `single_project` VALUES ('246', '21', 'U0014', '1');
INSERT INTO `single_project` VALUES ('2611', '124', 'U0000731', '0');
INSERT INTO `single_project` VALUES ('3771', '201', 'U0000676', '1');
INSERT INTO `single_project` VALUES ('5479', '141', 'U0000289', '0');
INSERT INTO `single_project` VALUES ('3730', '147', 'U0000320', '0');
INSERT INTO `single_project` VALUES ('5175', '441', 'U0000349', '1');
INSERT INTO `single_project` VALUES ('5112', '21', 'U0000778', '0');
INSERT INTO `single_project` VALUES ('433', '131', 'U0000548', '0');
INSERT INTO `single_project` VALUES ('6481', '120', 'U0000811', '0');
INSERT INTO `single_project` VALUES ('5462', '144', 'U0000730', '0');
INSERT INTO `single_project` VALUES ('6890', '118', 'U0000376', '1');
INSERT INTO `single_project` VALUES ('3603', '213', 'U0000714', '0');
INSERT INTO `single_project` VALUES ('3605', '342', 'U0000736', '0');
INSERT INTO `single_project` VALUES ('3612', '213', 'U0000740', '0');
INSERT INTO `single_project` VALUES ('3609', '213', 'U0000738', '0');
INSERT INTO `single_project` VALUES ('6891', '126', 'U0000376', '1');
INSERT INTO `single_project` VALUES ('5543', '148', 'U0000131', '0');
INSERT INTO `single_project` VALUES ('3611', '241', 'U0000739', '0');
INSERT INTO `single_project` VALUES ('6892', '133', 'U0000376', '1');
INSERT INTO `single_project` VALUES ('4828', '381', 'U0000637', '0');
INSERT INTO `single_project` VALUES ('6893', '134', 'U0000376', '1');
INSERT INTO `single_project` VALUES ('6894', '213', 'U0000376', '0');
INSERT INTO `single_project` VALUES ('6896', '522', 'U0000508', '1');
INSERT INTO `single_project` VALUES ('7099', '9999', 'U0000824', '0');
INSERT INTO `single_project` VALUES ('6825', '265', 'U0000362', '1');
INSERT INTO `single_project` VALUES ('4303', '281', 'U0000723', '1');
INSERT INTO `single_project` VALUES ('4930', '381', 'U0000636', '0');
INSERT INTO `single_project` VALUES ('6888', '122', 'U0000376', '1');
INSERT INTO `single_project` VALUES ('6889', '62', 'U0000376', '1');
INSERT INTO `single_project` VALUES ('7122', '283', 'U0000698', '0');
INSERT INTO `single_project` VALUES ('7124', '221', 'U0000439', '0');
INSERT INTO `single_project` VALUES ('3488', '142', 'U0013', '0');
INSERT INTO `single_project` VALUES ('4850', '41', 'U0000601', '0');
INSERT INTO `single_project` VALUES ('7160', '9999', 'U0000131', '0');
INSERT INTO `single_project` VALUES ('1419', '241', 'U0000672', '0');
INSERT INTO `single_project` VALUES ('6685', '502', 'U0000774', '0');
INSERT INTO `single_project` VALUES ('3358', '139', 'U0000572', '0');
INSERT INTO `single_project` VALUES ('7162', '9999', 'U0000105', '0');
INSERT INTO `single_project` VALUES ('4439', '381', 'U0000549', '0');
INSERT INTO `single_project` VALUES ('5110', '131', 'U0000778', '0');
INSERT INTO `single_project` VALUES ('5113', '119', 'U0000778', '0');
INSERT INTO `single_project` VALUES ('3353', '139', 'U0000649', '0');
INSERT INTO `single_project` VALUES ('5114', '381', 'U0000778', '0');
INSERT INTO `single_project` VALUES ('7167', '503', 'U0000725', '0');
INSERT INTO `single_project` VALUES ('4335', '148', 'U0000436', '0');
INSERT INTO `single_project` VALUES ('7168', '503', 'U0000289', '0');
INSERT INTO `single_project` VALUES ('7177', '9999', 'U0000364', '0');
INSERT INTO `single_project` VALUES ('7180', '148', 'U0000797', '0');
INSERT INTO `single_project` VALUES ('6734', '503', 'U0000729', '0');
INSERT INTO `single_project` VALUES ('6333', '61', 'U0000496', '0');
INSERT INTO `single_project` VALUES ('5176', '107', 'U0000349', '1');
INSERT INTO `single_project` VALUES ('1400', '124', 'U0000559', '0');
INSERT INTO `single_project` VALUES ('5177', '123', 'U0000349', '1');
INSERT INTO `single_project` VALUES ('5178', '185', 'U0000349', '1');
INSERT INTO `single_project` VALUES ('1408', '210', 'U0000682', '0');
INSERT INTO `single_project` VALUES ('1401', '138', 'U0000468', '0');
INSERT INTO `single_project` VALUES ('5179', '108', 'U0000349', '1');
INSERT INTO `single_project` VALUES ('5180', '113', 'U0000349', '1');
INSERT INTO `single_project` VALUES ('1412', '212', 'U0000694', '0');
INSERT INTO `single_project` VALUES ('5181', '242', 'U0000349', '1');
INSERT INTO `single_project` VALUES ('1424', '144', 'U0000451', '0');
INSERT INTO `single_project` VALUES ('5182', '186', 'U0000349', '1');
INSERT INTO `single_project` VALUES ('5183', '136', 'U0000349', '1');
INSERT INTO `single_project` VALUES ('5184', '184', 'U0000349', '1');
INSERT INTO `single_project` VALUES ('5185', '405', 'U0000349', '1');
INSERT INTO `single_project` VALUES ('4528', '301', 'U0000364', '1');
INSERT INTO `single_project` VALUES ('4529', '112', 'U0000364', '1');
INSERT INTO `single_project` VALUES ('4530', '105', 'U0000364', '1');
INSERT INTO `single_project` VALUES ('4531', '106', 'U0000364', '1');
INSERT INTO `single_project` VALUES ('6334', '421', 'U0000496', '0');
INSERT INTO `single_project` VALUES ('5116', '213', 'U0000699', '0');
INSERT INTO `single_project` VALUES ('5111', '129', 'U0000778', '0');
INSERT INTO `single_project` VALUES ('5117', '136', 'U0000699', '0');
INSERT INTO `single_project` VALUES ('6340', '481', 'U0000466', '0');
INSERT INTO `single_project` VALUES ('6341', '241', 'U0000466', '0');
INSERT INTO `single_project` VALUES ('5118', '405', 'U0000699', '0');
INSERT INTO `single_project` VALUES ('7181', '148', 'U0000524', '0');
INSERT INTO `single_project` VALUES ('4927', '381', 'U0000584', '0');
INSERT INTO `single_project` VALUES ('5212', '109', 'U0000700', '0');
INSERT INTO `single_project` VALUES ('6338', '61', 'U0000485', '0');
INSERT INTO `single_project` VALUES ('6339', '112', 'U0000485', '0');
INSERT INTO `single_project` VALUES ('7186', '143', 'U0000320', '0');
INSERT INTO `single_project` VALUES ('7187', '143', 'U0000810', '0');
INSERT INTO `single_project` VALUES ('7195', '562', 'U0000632', '1');
INSERT INTO `single_project` VALUES ('5173', '128', 'U0000349', '1');
INSERT INTO `single_project` VALUES ('1900', '124', 'U0000718', '0');
INSERT INTO `single_project` VALUES ('5174', '405', 'U0000349', '1');
INSERT INTO `single_project` VALUES ('1781', '138', 'U0000101', '0');
INSERT INTO `single_project` VALUES ('5186', '109', 'U0000349', '0');
INSERT INTO `single_project` VALUES ('5187', '105', 'U0000349', '0');
INSERT INTO `single_project` VALUES ('5188', '106', 'U0000349', '0');
INSERT INTO `single_project` VALUES ('5189', '61', 'U0000349', '0');
INSERT INTO `single_project` VALUES ('5190', '441', 'U0000349', '0');
INSERT INTO `single_project` VALUES ('7198', '542', 'U0000649', '0');
INSERT INTO `single_project` VALUES ('6727', '146', 'U0000800', '0');
INSERT INTO `single_project` VALUES ('6728', '146', 'U0000783', '0');
INSERT INTO `single_project` VALUES ('6331', '221', 'U0000496', '0');
INSERT INTO `single_project` VALUES ('6332', '112', 'U0000496', '0');
INSERT INTO `single_project` VALUES ('7199', '542', 'U0000774', '0');
INSERT INTO `single_project` VALUES ('7200', '542', 'U0000572', '0');
INSERT INTO `single_project` VALUES ('5210', '422', 'U0000700', '0');
INSERT INTO `single_project` VALUES ('5211', '136', 'U0000700', '0');
INSERT INTO `single_project` VALUES ('7245', '139', 'U0000130', '0');
INSERT INTO `single_project` VALUES ('7263', '481', 'U0000618', '0');
INSERT INTO `single_project` VALUES ('5830', '141', 'U0000435', '1');
INSERT INTO `single_project` VALUES ('5801', '241', 'U0000732', '1');
INSERT INTO `single_project` VALUES ('7267', '603', 'U0000362', '0');
INSERT INTO `single_project` VALUES ('7280', '622', 'U0000349', '1');
INSERT INTO `single_project` VALUES ('7282', '502', 'U0000775', '1');
INSERT INTO `single_project` VALUES ('7388', '602', 'U001', '0');
INSERT INTO `single_project` VALUES ('7425', '722', 'U0000851', '0');
INSERT INTO `single_project` VALUES ('7426', '283', 'U0000851', '0');
INSERT INTO `single_project` VALUES ('7431', '702', 'U0000880', '0');
INSERT INTO `single_project` VALUES ('7462', '683', 'U0000885', '0');
INSERT INTO `single_project` VALUES ('7463', '683', 'U0000883', '0');
INSERT INTO `single_project` VALUES ('7464', '683', 'U0000884', '0');
INSERT INTO `single_project` VALUES ('7465', '683', 'U0000886', '0');
INSERT INTO `single_project` VALUES ('7468', '9999', 'U0000884', '0');
INSERT INTO `single_project` VALUES ('7541', '9999', 'U0000803', '0');
INSERT INTO `single_project` VALUES ('7542', '802', 'U0000696', '0');
INSERT INTO `single_project` VALUES ('7543', '802', 'U0000865', '1');
INSERT INTO `single_project` VALUES ('7584', '743', 'U001', '0');
INSERT INTO `single_project` VALUES ('7591', '9999', 'U0000909', '0');
INSERT INTO `single_project` VALUES ('7606', '842', 'U0000439', '0');
INSERT INTO `single_project` VALUES ('7607', '842', 'U0000499', '0');
INSERT INTO `single_project` VALUES ('7617', '848', 'U0000607', '1');
INSERT INTO `single_project` VALUES ('7624', '782', 'U0000821', '0');
INSERT INTO `single_project` VALUES ('7665', '848', 'U0000858', '0');
INSERT INTO `single_project` VALUES ('7672', '864', 'U001', '1');
INSERT INTO `single_project` VALUES ('7677', '863', 'U0000504', '0');
INSERT INTO `single_project` VALUES ('7678', '863', 'U0000418', '0');
INSERT INTO `single_project` VALUES ('7679', '864', 'U0000418', '0');
INSERT INTO `single_project` VALUES ('7680', '864', 'U0000498', '0');
INSERT INTO `single_project` VALUES ('7681', '864', 'U0000497', '0');
INSERT INTO `single_project` VALUES ('7688', '9999', 'U0000919', '0');
INSERT INTO `single_project` VALUES ('7689', '9999', 'U0000918', '0');
INSERT INTO `single_project` VALUES ('7711', '862', 'U0000418', '0');
INSERT INTO `single_project` VALUES ('7712', '862', 'U0000511', '0');
INSERT INTO `single_project` VALUES ('7713', '902', 'U0000499', '0');
INSERT INTO `single_project` VALUES ('7726', '903', 'U0000439', '1');
INSERT INTO `single_project` VALUES ('7728', '9999', 'U0000930', '0');
INSERT INTO `single_project` VALUES ('7732', '922', 'U0000394', '1');
INSERT INTO `single_project` VALUES ('7747', '902', 'U0000937', '0');
INSERT INTO `single_project` VALUES ('7772', '944', 'U0000362', '0');
INSERT INTO `single_project` VALUES ('7790', '112', 'U0000937', '0');
INSERT INTO `single_project` VALUES ('7791', '9999', 'U0000942', '0');
INSERT INTO `single_project` VALUES ('7828', '963', 'U0000368', '1');
INSERT INTO `single_project` VALUES ('7830', '965', 'U0000368', '1');
INSERT INTO `single_project` VALUES ('7831', '942', 'U0000937', '0');
INSERT INTO `single_project` VALUES ('7832', '962', 'U0000349', '0');
INSERT INTO `single_project` VALUES ('7833', '962', 'U0000439', '0');
INSERT INTO `single_project` VALUES ('7834', '962', 'U0000511', '0');
INSERT INTO `single_project` VALUES ('7835', '964', 'U001', '0');
INSERT INTO `single_project` VALUES ('7848', '945', 'U0000418', '0');
INSERT INTO `single_project` VALUES ('7866', '962', 'U0000504', '0');
INSERT INTO `single_project` VALUES ('6014', '221', 'U0000418', '0');
INSERT INTO `single_project` VALUES ('6015', '112', 'U0000418', '0');
INSERT INTO `single_project` VALUES ('332', '161', 'U0000288', '1');
INSERT INTO `single_project` VALUES ('2377', '143', 'U0000641', '0');
INSERT INTO `single_project` VALUES ('1879', '142', 'U0000288', '0');
INSERT INTO `single_project` VALUES ('5345', '241', 'U0000715', '0');
INSERT INTO `single_project` VALUES ('3628', '147', 'U0000467', '0');
INSERT INTO `single_project` VALUES ('6016', '61', 'U0000418', '0');
INSERT INTO `single_project` VALUES ('434', '131', 'U0000547', '0');
INSERT INTO `single_project` VALUES ('3715', '142', 'U0000727', '0');
INSERT INTO `single_project` VALUES ('6681', '221', 'U0000394', '0');
INSERT INTO `single_project` VALUES ('3301', '342', 'U0000737', '0');
INSERT INTO `single_project` VALUES ('6193', '61', 'U0000504', '0');
INSERT INTO `single_project` VALUES ('5832', '343', 'U0000629', '1');
INSERT INTO `single_project` VALUES ('6194', '112', 'U0000504', '0');
INSERT INTO `single_project` VALUES ('2383', '148', 'U0000432', '0');
INSERT INTO `single_project` VALUES ('5833', '132', 'U0000629', '1');
INSERT INTO `single_project` VALUES ('954', '132', 'U0000481', '0');
INSERT INTO `single_project` VALUES ('6414', '112', 'U0000499', '0');
INSERT INTO `single_project` VALUES ('5831', '141', 'U0000725', '0');
INSERT INTO `single_project` VALUES ('6470', '117', 'U0000368', '1');
INSERT INTO `single_project` VALUES ('5618', '241', 'U0000686', '0');
INSERT INTO `single_project` VALUES ('1438', '144', 'U0000656', '0');
INSERT INTO `single_project` VALUES ('6471', '461', 'U0000368', '1');
INSERT INTO `single_project` VALUES ('6472', '402', 'U0000368', '1');
INSERT INTO `single_project` VALUES ('4926', '381', 'U0000639', '0');
INSERT INTO `single_project` VALUES ('5901', '131', 'U0000546', '1');
INSERT INTO `single_project` VALUES ('5902', '119', 'U0000546', '1');
INSERT INTO `single_project` VALUES ('5631', '241', 'U0000683', '0');
INSERT INTO `single_project` VALUES ('2756', '135', 'U0000679', '0');
INSERT INTO `single_project` VALUES ('1221', '120', 'U0000541', '0');
INSERT INTO `single_project` VALUES ('1409', '202', 'U0000693', '0');
INSERT INTO `single_project` VALUES ('1225', '148', 'U0000137', '0');
INSERT INTO `single_project` VALUES ('3740', '204', 'U0000674', '0');
INSERT INTO `single_project` VALUES ('1475', '140', 'U0000104', '0');
INSERT INTO `single_project` VALUES ('1369', '211', 'U0000692', '0');
INSERT INTO `single_project` VALUES ('1386', '135', 'U0000689', '0');
INSERT INTO `single_project` VALUES ('1298', '118', 'U0000606', '0');
INSERT INTO `single_project` VALUES ('2753', '241', 'U0000673', '1');
INSERT INTO `single_project` VALUES ('1387', '212', 'U0000689', '0');
INSERT INTO `single_project` VALUES ('1392', '208', 'U0000671', '0');
INSERT INTO `single_project` VALUES ('1410', '213', 'U0000693', '0');
INSERT INTO `single_project` VALUES ('1411', '241', 'U0000693', '0');
INSERT INTO `single_project` VALUES ('6482', '131', 'U0000634', '0');
INSERT INTO `single_project` VALUES ('3716', '147', 'U0000727', '0');
INSERT INTO `single_project` VALUES ('5632', '241', 'U0000683', '0');
INSERT INTO `single_project` VALUES ('5346', '342', 'U0000715', '0');
INSERT INTO `single_project` VALUES ('5619', '342', 'U0000686', '0');
INSERT INTO `single_project` VALUES ('3689', '145', 'U0000654', '0');
INSERT INTO `single_project` VALUES ('3692', '143', 'U0000728', '0');
INSERT INTO `single_project` VALUES ('5903', '381', 'U0000546', '1');
INSERT INTO `single_project` VALUES ('6017', '421', 'U0000418', '0');
INSERT INTO `single_project` VALUES ('2243', '120', 'U0000712', '0');
INSERT INTO `single_project` VALUES ('5630', '135', 'U0000683', '0');
INSERT INTO `single_project` VALUES ('5904', '21', 'U0000546', '1');
INSERT INTO `single_project` VALUES ('5633', '202', 'U0000683', '0');
INSERT INTO `single_project` VALUES ('5634', '202', 'U0000683', '0');
INSERT INTO `single_project` VALUES ('5635', '201', 'U0000683', '0');
INSERT INTO `single_project` VALUES ('5636', '202', 'U0000683', '0');
INSERT INTO `single_project` VALUES ('2757', '127', 'U0000679', '0');
INSERT INTO `single_project` VALUES ('2758', '241', 'U0000679', '0');
INSERT INTO `single_project` VALUES ('2759', '241', 'U0000679', '0');
INSERT INTO `single_project` VALUES ('2760', '202', 'U0000679', '0');
INSERT INTO `single_project` VALUES ('2761', '202', 'U0000679', '0');
INSERT INTO `single_project` VALUES ('2762', '213', 'U0000679', '0');
INSERT INTO `single_project` VALUES ('2763', '202', 'U0000679', '0');
INSERT INTO `single_project` VALUES ('6415', '61', 'U0000499', '0');
INSERT INTO `single_project` VALUES ('2764', '202', 'U0000679', '0');
INSERT INTO `single_project` VALUES ('2765', '241', 'U0000679', '0');
INSERT INTO `single_project` VALUES ('2766', '241', 'U0000679', '0');
INSERT INTO `single_project` VALUES ('5804', '128', 'U0000696', '0');
INSERT INTO `single_project` VALUES ('5815', '143', 'U0023', '0');
INSERT INTO `single_project` VALUES ('4062', '147', 'U0000135', '0');
INSERT INTO `single_project` VALUES ('5816', '144', 'U0023', '1');
INSERT INTO `single_project` VALUES ('6018', '321', 'U0000418', '0');
INSERT INTO `single_project` VALUES ('3713', '342', 'U0000687', '0');
INSERT INTO `single_project` VALUES ('6412', '182', 'U0000499', '0');
INSERT INTO `single_project` VALUES ('5637', '202', 'U0000683', '0');
INSERT INTO `single_project` VALUES ('5616', '213', 'U0000686', '0');
INSERT INTO `single_project` VALUES ('5617', '207', 'U0000686', '0');
INSERT INTO `single_project` VALUES ('5638', '201', 'U0000683', '0');
INSERT INTO `single_project` VALUES ('5639', '342', 'U0000683', '0');
INSERT INTO `single_project` VALUES ('3734', '201', 'U0000690', '0');
INSERT INTO `single_project` VALUES ('3735', '213', 'U0000690', '0');
INSERT INTO `single_project` VALUES ('3738', '213', 'U0000674', '0');
INSERT INTO `single_project` VALUES ('3739', '241', 'U0000674', '0');
INSERT INTO `single_project` VALUES ('5905', '129', 'U0000546', '1');
INSERT INTO `single_project` VALUES ('6413', '402', 'U0000499', '0');
INSERT INTO `single_project` VALUES ('6473', '181', 'U0000368', '1');
INSERT INTO `single_project` VALUES ('6474', '401', 'U0000368', '1');
INSERT INTO `single_project` VALUES ('6475', '403', 'U0000368', '1');
INSERT INTO `single_project` VALUES ('6682', '61', 'U0000394', '0');
INSERT INTO `single_project` VALUES ('6683', '182', 'U0000394', '0');
INSERT INTO `single_project` VALUES ('6684', '112', 'U0000394', '0');
INSERT INTO `single_project` VALUES ('6850', '182', 'U0000439', '0');
INSERT INTO `single_project` VALUES ('6691', '103', 'U001', '1');
INSERT INTO `single_project` VALUES ('6191', '402', 'U0000504', '0');
INSERT INTO `single_project` VALUES ('6192', '461', 'U0000504', '0');
INSERT INTO `single_project` VALUES ('6692', '115', 'U001', '1');
INSERT INTO `single_project` VALUES ('7089', '481', 'U0000820', '0');
INSERT INTO `single_project` VALUES ('5929', '128', 'U0000356', '0');
INSERT INTO `single_project` VALUES ('6714', '62', 'U0000493', '0');
INSERT INTO `single_project` VALUES ('6694', '503', 'U0000454', '0');
INSERT INTO `single_project` VALUES ('6695', '130', 'U0000496', '0');
INSERT INTO `single_project` VALUES ('6696', '183', 'U0000496', '1');
INSERT INTO `single_project` VALUES ('6697', '121', 'U0000496', '1');
INSERT INTO `single_project` VALUES ('4192', '128', 'U0000579', '0');
INSERT INTO `single_project` VALUES ('6698', '341', 'U0000496', '1');
INSERT INTO `single_project` VALUES ('6851', '61', 'U0000439', '0');
INSERT INTO `single_project` VALUES ('6716', '422', 'U0000699', '1');
INSERT INTO `single_project` VALUES ('6675', '161', 'U0000394', '1');
INSERT INTO `single_project` VALUES ('6476', '404', 'U0000368', '1');
INSERT INTO `single_project` VALUES ('6477', '221', 'U0000368', '1');
INSERT INTO `single_project` VALUES ('6680', '104', 'U0000394', '0');
INSERT INTO `single_project` VALUES ('6852', '112', 'U0000439', '0');
INSERT INTO `single_project` VALUES ('6468', '101', 'U0000368', '1');
INSERT INTO `single_project` VALUES ('6469', '102', 'U0000368', '1');
INSERT INTO `single_project` VALUES ('6853', '321', 'U0000439', '0');
INSERT INTO `single_project` VALUES ('6854', '161', 'U0000705', '0');
INSERT INTO `single_project` VALUES ('6855', '61', 'U0000705', '0');
INSERT INTO `single_project` VALUES ('6856', '381', 'U0000705', '0');
INSERT INTO `single_project` VALUES ('6848', '402', 'U0000439', '0');
INSERT INTO `single_project` VALUES ('6849', '104', 'U0000439', '0');
INSERT INTO `single_project` VALUES ('6857', '131', 'U0000552', '0');
INSERT INTO `single_project` VALUES ('7092', '481', 'U0000821', '0');
INSERT INTO `single_project` VALUES ('7093', '481', 'U0000823', '0');
INSERT INTO `single_project` VALUES ('7098', '61', 'U0000824', '0');
INSERT INTO `single_project` VALUES ('7120', '283', 'U0014', '0');
INSERT INTO `single_project` VALUES ('7140', '283', 'U0000699', '0');
INSERT INTO `single_project` VALUES ('7169', '9999', 'U0000489', '0');
INSERT INTO `single_project` VALUES ('7170', '9999', 'U005', '0');
INSERT INTO `single_project` VALUES ('7172', '542', 'U0000394', '1');
INSERT INTO `single_project` VALUES ('7173', '143', 'U0000126', '1');
INSERT INTO `single_project` VALUES ('7174', '504', 'U0000131', '1');
INSERT INTO `single_project` VALUES ('7175', '148', 'U0000490', '1');
INSERT INTO `single_project` VALUES ('7182', '502', 'U0000791', '0');
INSERT INTO `single_project` VALUES ('7189', '481', 'U0000822', '0');
INSERT INTO `single_project` VALUES ('7192', '504', 'U0000139', '0');
INSERT INTO `single_project` VALUES ('7193', '504', 'U0000430', '0');
INSERT INTO `single_project` VALUES ('7194', '504', 'U0000432', '0');
INSERT INTO `single_project` VALUES ('7201', '140', 'U0000626', '0');
INSERT INTO `single_project` VALUES ('7202', '9999', 'U0000827', '0');
INSERT INTO `single_project` VALUES ('7229', '143', 'U0000757', '0');
INSERT INTO `single_project` VALUES ('7230', '143', 'U0000523', '0');
INSERT INTO `single_project` VALUES ('7231', '143', 'U0000730', '0');
INSERT INTO `single_project` VALUES ('7241', '602', 'U0000439', '0');
INSERT INTO `single_project` VALUES ('7246', '604', 'U0000436', '1');
INSERT INTO `single_project` VALUES ('7247', '9999', 'U0000826', '0');
INSERT INTO `single_project` VALUES ('7248', '9999', 'U0000825', '0');
INSERT INTO `single_project` VALUES ('7281', '148', 'U0000844', '0');
INSERT INTO `single_project` VALUES ('7301', '9999', 'U0000851', '0');
INSERT INTO `single_project` VALUES ('7320', '642', 'U0000368', '1');
INSERT INTO `single_project` VALUES ('7360', '642', 'U0000499', '0');
INSERT INTO `single_project` VALUES ('7361', '642', 'U0000439', '0');
INSERT INTO `single_project` VALUES ('7362', '503', 'U0000523', '0');
INSERT INTO `single_project` VALUES ('7363', '504', 'U0000757', '0');
INSERT INTO `single_project` VALUES ('7382', '342', 'U0000858', '0');
INSERT INTO `single_project` VALUES ('7383', '504', 'U0000824', '0');
INSERT INTO `single_project` VALUES ('7384', '138', 'U0000800', '0');
INSERT INTO `single_project` VALUES ('7385', '138', 'U0000649', '0');
INSERT INTO `single_project` VALUES ('7386', '138', 'U0000839', '0');
INSERT INTO `single_project` VALUES ('7387', '138', 'U0000843', '0');
INSERT INTO `single_project` VALUES ('7390', '682', 'U0000498', '0');
INSERT INTO `single_project` VALUES ('7391', '682', 'U0000418', '0');
INSERT INTO `single_project` VALUES ('7392', '682', 'U0000497', '0');
INSERT INTO `single_project` VALUES ('7393', '682', 'U0000504', '0');
INSERT INTO `single_project` VALUES ('7394', '683', 'U0000418', '1');
INSERT INTO `single_project` VALUES ('7402', '703', 'U0000376', '0');
INSERT INTO `single_project` VALUES ('7427', '742', 'U0000511', '1');
INSERT INTO `single_project` VALUES ('7433', '9999', 'U0000624', '0');
INSERT INTO `single_project` VALUES ('7438', '722', 'U0000618', '0');
INSERT INTO `single_project` VALUES ('7439', '283', 'U0000618', '0');
INSERT INTO `single_project` VALUES ('7442', '722', 'U0000835', '0');
INSERT INTO `single_project` VALUES ('7443', '283', 'U0000835', '0');
INSERT INTO `single_project` VALUES ('7444', '602', 'U0000498', '0');
INSERT INTO `single_project` VALUES ('7480', '802', 'U0000803', '0');
INSERT INTO `single_project` VALUES ('7520', '682', 'U0000821', '0');
INSERT INTO `single_project` VALUES ('7521', '682', 'U0000820', '0');
INSERT INTO `single_project` VALUES ('7525', '9999', 'U0000871', '0');
INSERT INTO `single_project` VALUES ('7562', '822', 'U0000870', '0');
INSERT INTO `single_project` VALUES ('7563', '822', 'U0000872', '0');
INSERT INTO `single_project` VALUES ('7588', '503', 'U0000862', '0');
INSERT INTO `single_project` VALUES ('7589', '503', 'U0000649', '0');
INSERT INTO `single_project` VALUES ('7590', '503', 'U0000888', '0');
INSERT INTO `single_project` VALUES ('7600', '842', 'U0000368', '1');
INSERT INTO `single_project` VALUES ('7601', '843', 'U0000368', '1');
INSERT INTO `single_project` VALUES ('7608', '843', 'U0000439', '0');
INSERT INTO `single_project` VALUES ('7609', '843', 'U0000499', '0');
INSERT INTO `single_project` VALUES ('7610', '844', 'U0000439', '0');
INSERT INTO `single_project` VALUES ('7611', '844', 'U0000499', '0');
INSERT INTO `single_project` VALUES ('7623', '118', 'U0000466', '0');
INSERT INTO `single_project` VALUES ('7625', '782', 'U0000820', '0');
INSERT INTO `single_project` VALUES ('7666', '782', 'U0000920', '0');
INSERT INTO `single_project` VALUES ('7667', '862', 'U0000439', '1');
INSERT INTO `single_project` VALUES ('7670', '782', 'U0000925', '0');
INSERT INTO `single_project` VALUES ('7671', '9999', 'U0000925', '0');
INSERT INTO `single_project` VALUES ('7693', '703', 'U0000820', '0');
INSERT INTO `single_project` VALUES ('7694', '703', 'U0000466', '0');
INSERT INTO `single_project` VALUES ('7696', '882', 'U0000394', '1');
INSERT INTO `single_project` VALUES ('7709', '9999', 'U0000874', '0');
INSERT INTO `single_project` VALUES ('7729', '9999', 'U0000932', '0');
INSERT INTO `single_project` VALUES ('7730', '903', 'U0000504', '0');
INSERT INTO `single_project` VALUES ('7731', '903', 'U0000497', '0');
INSERT INTO `single_project` VALUES ('7766', '942', 'U0000439', '1');
INSERT INTO `single_project` VALUES ('7767', '943', 'U0000349', '1');
INSERT INTO `single_project` VALUES ('7768', '944', 'U0000349', '1');
INSERT INTO `single_project` VALUES ('7773', '943', 'U0000362', '0');
INSERT INTO `single_project` VALUES ('7774', '943', 'U0000821', '0');
INSERT INTO `single_project` VALUES ('7775', '943', 'U0000647', '0');
INSERT INTO `single_project` VALUES ('7776', '943', 'U0000820', '0');
INSERT INTO `single_project` VALUES ('7786', '9999', 'U0000914', '0');
INSERT INTO `single_project` VALUES ('7787', '848', 'U0000914', '0');
INSERT INTO `single_project` VALUES ('7788', '848', 'U0000919', '0');
INSERT INTO `single_project` VALUES ('7789', '848', 'U0000918', '0');
INSERT INTO `single_project` VALUES ('7807', '742', 'U0000925', '0');
INSERT INTO `single_project` VALUES ('7827', '962', 'U0000368', '1');
INSERT INTO `single_project` VALUES ('7836', '965', 'U0000349', '0');
INSERT INTO `single_project` VALUES ('6588', '140', 'U0000810', '0');
INSERT INTO `single_project` VALUES ('7837', '965', 'U0000374', '0');
INSERT INTO `single_project` VALUES ('7838', '963', 'U0000515', '0');
INSERT INTO `single_project` VALUES ('7839', '963', 'U0000499', '0');
INSERT INTO `single_project` VALUES ('7840', '963', 'U0000439', '0');
INSERT INTO `single_project` VALUES ('7841', '963', 'U001', '0');
INSERT INTO `single_project` VALUES ('7842', '922', 'U0000511', '0');
INSERT INTO `single_project` VALUES ('7843', '922', 'U0000439', '0');
INSERT INTO `single_project` VALUES ('7845', '965', 'U0000375', '0');
INSERT INTO `single_project` VALUES ('7846', '965', 'U0000528', '0');
INSERT INTO `single_project` VALUES ('7847', '965', 'U0000362', '0');
INSERT INTO `single_project` VALUES ('6705', '145', 'U0000136', '1');
INSERT INTO `single_project` VALUES ('6712', '146', 'U0000130', '0');
INSERT INTO `single_project` VALUES ('4900', '241', 'U0000515', '0');
INSERT INTO `single_project` VALUES ('5930', '138', 'U0000348', '1');
INSERT INTO `single_project` VALUES ('4841', '108', 'U0000503', '0');
INSERT INTO `single_project` VALUES ('4842', '128', 'U0000503', '0');
INSERT INTO `single_project` VALUES ('6720', '137', 'U0000797', '0');
INSERT INTO `single_project` VALUES ('736', '131', 'U0000551', '0');
INSERT INTO `single_project` VALUES ('5952', '118', 'U0000698', '0');
INSERT INTO `single_project` VALUES ('3762', '241', 'U0000713', '0');
INSERT INTO `single_project` VALUES ('3763', '202', 'U0000713', '0');
INSERT INTO `single_project` VALUES ('430', '131', 'U0000555', '0');
INSERT INTO `single_project` VALUES ('686', '140', 'U0000526', '0');
INSERT INTO `single_project` VALUES ('6713', '145', 'U0000130', '0');
INSERT INTO `single_project` VALUES ('4951', '381', 'U0000556', '0');
INSERT INTO `single_project` VALUES ('1378', '204', 'U0000688', '0');
INSERT INTO `single_project` VALUES ('1367', '209', 'U0000691', '0');
INSERT INTO `single_project` VALUES ('6586', '111', 'U0000521', '1');
INSERT INTO `single_project` VALUES ('1591', '127', 'U0000500', '0');
INSERT INTO `single_project` VALUES ('6385', '161', 'U0000635', '0');
INSERT INTO `single_project` VALUES ('5383', '140', 'U005', '1');
INSERT INTO `single_project` VALUES ('4901', '118', 'U0000515', '0');
INSERT INTO `single_project` VALUES ('3764', '213', 'U0000713', '0');
INSERT INTO `single_project` VALUES ('5953', '118', 'U0000580', '0');
INSERT INTO `single_project` VALUES ('6386', '131', 'U0000635', '0');
INSERT INTO `single_project` VALUES ('3765', '202', 'U0000713', '0');
INSERT INTO `single_project` VALUES ('6387', '482', 'U0000635', '0');
INSERT INTO `single_project` VALUES ('6424', '61', 'U0000498', '0');
INSERT INTO `single_project` VALUES ('5954', '109', 'U0000580', '0');
INSERT INTO `single_project` VALUES ('5962', '118', 'U0000578', '0');
INSERT INTO `single_project` VALUES ('1592', '136', 'U0000500', '0');
INSERT INTO `single_project` VALUES ('6425', '112', 'U0000498', '0');
INSERT INTO `single_project` VALUES ('5963', '133', 'U0000578', '0');
INSERT INTO `single_project` VALUES ('3729', '118', 'U0000622', '0');
INSERT INTO `single_project` VALUES ('6726', '504', 'U0000782', '0');
INSERT INTO `single_project` VALUES ('6426', '182', 'U0000498', '0');
INSERT INTO `single_project` VALUES ('1318', '207', 'U0000669', '0');
INSERT INTO `single_project` VALUES ('3188', '138', 'U0000391', '0');
INSERT INTO `single_project` VALUES ('3189', '145', 'U0000391', '0');
INSERT INTO `single_project` VALUES ('1480', '135', 'U0000673', '0');
INSERT INTO `single_project` VALUES ('6730', '503', 'U0000269', '1');
INSERT INTO `single_project` VALUES ('6860', '120', 'U0000538', '1');
INSERT INTO `single_project` VALUES ('6749', '109', 'U0000374', '0');
INSERT INTO `single_project` VALUES ('5964', '109', 'U0000578', '0');
INSERT INTO `single_project` VALUES ('5965', '241', 'U0000578', '0');
INSERT INTO `single_project` VALUES ('6872', '118', 'U0000704', '0');
INSERT INTO `single_project` VALUES ('4484', '147', 'U0000757', '0');
INSERT INTO `single_project` VALUES ('3187', '140', 'U0000391', '0');
INSERT INTO `single_project` VALUES ('5966', '282', 'U0000578', '0');
INSERT INTO `single_project` VALUES ('5450', '116', 'U0000480', '1');
INSERT INTO `single_project` VALUES ('6587', '139', 'U0000521', '1');
INSERT INTO `single_project` VALUES ('2161', '264', 'U0000707', '0');
INSERT INTO `single_project` VALUES ('6422', '482', 'U0000498', '0');
INSERT INTO `single_project` VALUES ('6423', '101', 'U0000498', '0');
INSERT INTO `single_project` VALUES ('2160', '120', 'U0000707', '0');
INSERT INTO `single_project` VALUES ('6750', '106', 'U0000374', '0');
INSERT INTO `single_project` VALUES ('3770', '241', 'U0000738', '1');
INSERT INTO `single_project` VALUES ('2169', '120', 'U0000558', '0');
INSERT INTO `single_project` VALUES ('6751', '61', 'U0000374', '0');
INSERT INTO `single_project` VALUES ('6752', '221', 'U0000374', '0');
INSERT INTO `single_project` VALUES ('3899', '148', 'U0000430', '0');
INSERT INTO `single_project` VALUES ('3900', '161', 'U0000638', '0');
INSERT INTO `single_project` VALUES ('6873', '405', 'U0000704', '0');
INSERT INTO `single_project` VALUES ('4774', '213', 'U0000770', '0');
INSERT INTO `single_project` VALUES ('3901', '114', 'U0000502', '1');
INSERT INTO `single_project` VALUES ('4428', '401', 'U001', '0');
INSERT INTO `single_project` VALUES ('4429', '403', 'U001', '0');
INSERT INTO `single_project` VALUES ('4430', '404', 'U001', '0');
INSERT INTO `single_project` VALUES ('4431', '112', 'U001', '0');
INSERT INTO `single_project` VALUES ('6899', '9999', 'U0000320', '0');
INSERT INTO `single_project` VALUES ('4775', '124', 'U0000438', '1');
INSERT INTO `single_project` VALUES ('6747', '128', 'U0000374', '0');
INSERT INTO `single_project` VALUES ('6748', '108', 'U0000374', '0');
INSERT INTO `single_project` VALUES ('6900', '9999', 'U0013', '0');
INSERT INTO `single_project` VALUES ('6901', '9999', 'U0000101', '0');
INSERT INTO `single_project` VALUES ('6902', '9999', 'U0000104', '0');
INSERT INTO `single_project` VALUES ('5412', '241', 'U0000647', '0');
INSERT INTO `single_project` VALUES ('6903', '9999', 'U0000126', '0');
INSERT INTO `single_project` VALUES ('5413', '221', 'U0000647', '0');
INSERT INTO `single_project` VALUES ('4552', '213', 'U0000684', '0');
INSERT INTO `single_project` VALUES ('6904', '9999', 'U0000130', '0');
INSERT INTO `single_project` VALUES ('6905', '9999', 'U0000136', '0');
INSERT INTO `single_project` VALUES ('6895', '141', 'U0000754', '0');
INSERT INTO `single_project` VALUES ('6898', '9999', 'U0000135', '0');
INSERT INTO `single_project` VALUES ('6906', '9999', 'U0000139', '0');
INSERT INTO `single_project` VALUES ('5414', '118', 'U0000647', '0');
INSERT INTO `single_project` VALUES ('2566', '281', 'U0000676', '0');
INSERT INTO `single_project` VALUES ('6907', '9999', 'U0000269', '0');
INSERT INTO `single_project` VALUES ('6908', '9999', 'U0000289', '0');
INSERT INTO `single_project` VALUES ('6909', '9999', 'U0000314', '0');
INSERT INTO `single_project` VALUES ('6910', '9999', 'U0000349', '0');
INSERT INTO `single_project` VALUES ('6911', '9999', 'U0000356', '0');
INSERT INTO `single_project` VALUES ('6912', '9999', 'U0000362', '0');
INSERT INTO `single_project` VALUES ('6913', '9999', 'U0000371', '0');
INSERT INTO `single_project` VALUES ('6914', '9999', 'U0000374', '0');
INSERT INTO `single_project` VALUES ('6915', '9999', 'U0000375', '0');
INSERT INTO `single_project` VALUES ('4479', '104', 'U0000343', '1');
INSERT INTO `single_project` VALUES ('6916', '9999', 'U0000376', '0');
INSERT INTO `single_project` VALUES ('6917', '9999', 'U0000390', '0');
INSERT INTO `single_project` VALUES ('6918', '9999', 'U0000391', '0');
INSERT INTO `single_project` VALUES ('6919', '9999', 'U0000394', '0');
INSERT INTO `single_project` VALUES ('6920', '9999', 'U0000438', '0');
INSERT INTO `single_project` VALUES ('6921', '9999', 'U0000468', '0');
INSERT INTO `single_project` VALUES ('6922', '9999', 'U0000493', '0');
INSERT INTO `single_project` VALUES ('6923', '9999', 'U0000416', '0');
INSERT INTO `single_project` VALUES ('5165', '421', 'U0000480', '0');
INSERT INTO `single_project` VALUES ('5166', '221', 'U0000480', '0');
INSERT INTO `single_project` VALUES ('5075', '205', 'U0000684', '1');
INSERT INTO `single_project` VALUES ('5076', '203', 'U0000684', '1');
INSERT INTO `single_project` VALUES ('5167', '61', 'U0000480', '0');
INSERT INTO `single_project` VALUES ('5168', '112', 'U0000480', '0');
INSERT INTO `single_project` VALUES ('5169', '130', 'U0000480', '0');
INSERT INTO `single_project` VALUES ('6924', '9999', 'U0000418', '0');
INSERT INTO `single_project` VALUES ('6925', '9999', 'U0000439', '0');
INSERT INTO `single_project` VALUES ('6926', '9999', 'U0000444', '0');
INSERT INTO `single_project` VALUES ('6927', '9999', 'U0000424', '0');
INSERT INTO `single_project` VALUES ('6928', '9999', 'U0000450', '0');
INSERT INTO `single_project` VALUES ('6929', '9999', 'U0000463', '0');
INSERT INTO `single_project` VALUES ('6930', '9999', 'U0000430', '0');
INSERT INTO `single_project` VALUES ('6931', '9999', 'U0000432', '0');
INSERT INTO `single_project` VALUES ('6932', '9999', 'U0000436', '0');
INSERT INTO `single_project` VALUES ('6933', '9999', 'U0000454', '0');
INSERT INTO `single_project` VALUES ('6934', '9999', 'U0000466', '0');
INSERT INTO `single_project` VALUES ('6935', '9999', 'U0000467', '0');
INSERT INTO `single_project` VALUES ('6936', '9999', 'U0000479', '0');
INSERT INTO `single_project` VALUES ('6937', '9999', 'U0000480', '0');
INSERT INTO `single_project` VALUES ('6938', '9999', 'U0000481', '0');
INSERT INTO `single_project` VALUES ('6939', '9999', 'U0000485', '0');
INSERT INTO `single_project` VALUES ('6940', '9999', 'U0000618', '0');
INSERT INTO `single_project` VALUES ('6941', '9999', 'U0000503', '0');
INSERT INTO `single_project` VALUES ('6942', '9999', 'U0000511', '0');
INSERT INTO `single_project` VALUES ('6943', '9999', 'U0000515', '0');
INSERT INTO `single_project` VALUES ('6944', '9999', 'U0000538', '0');
INSERT INTO `single_project` VALUES ('6945', '9999', 'U0000541', '0');
INSERT INTO `single_project` VALUES ('6946', '9999', 'U0000550', '0');
INSERT INTO `single_project` VALUES ('6947', '9999', 'U0000553', '0');
INSERT INTO `single_project` VALUES ('6948', '9999', 'U0000502', '0');
INSERT INTO `single_project` VALUES ('6949', '9999', 'U0000544', '0');
INSERT INTO `single_project` VALUES ('6950', '9999', 'U0000549', '0');
INSERT INTO `single_project` VALUES ('6951', '9999', 'U0000558', '0');
INSERT INTO `single_project` VALUES ('6952', '9999', 'U0000578', '0');
INSERT INTO `single_project` VALUES ('6953', '9999', 'U0000589', '0');
INSERT INTO `single_project` VALUES ('6954', '9999', 'U0000592', '0');
INSERT INTO `single_project` VALUES ('6955', '9999', 'U0000622', '0');
INSERT INTO `single_project` VALUES ('6956', '9999', 'U0000546', '0');
INSERT INTO `single_project` VALUES ('6957', '9999', 'U0000552', '0');
INSERT INTO `single_project` VALUES ('6958', '9999', 'U0000581', '0');
INSERT INTO `single_project` VALUES ('6959', '9999', 'U0000584', '0');
INSERT INTO `single_project` VALUES ('6960', '9999', 'U0000626', '0');
INSERT INTO `single_project` VALUES ('6961', '9999', 'U0000607', '0');
INSERT INTO `single_project` VALUES ('6962', '9999', 'U0000545', '0');
INSERT INTO `single_project` VALUES ('6963', '9999', 'U0000579', '0');
INSERT INTO `single_project` VALUES ('6964', '9999', 'U0000580', '0');
INSERT INTO `single_project` VALUES ('6965', '9999', 'U0000582', '0');
INSERT INTO `single_project` VALUES ('6966', '9999', 'U0000504', '0');
INSERT INTO `single_project` VALUES ('6967', '9999', 'U0000523', '0');
INSERT INTO `single_project` VALUES ('6968', '9999', 'U0000528', '0');
INSERT INTO `single_project` VALUES ('6969', '9999', 'U0000539', '0');
INSERT INTO `single_project` VALUES ('6970', '9999', 'U0000543', '0');
INSERT INTO `single_project` VALUES ('6971', '9999', 'U0000548', '0');
INSERT INTO `single_project` VALUES ('6972', '9999', 'U0000572', '0');
INSERT INTO `single_project` VALUES ('6973', '9999', 'U0000496', '0');
INSERT INTO `single_project` VALUES ('6974', '9999', 'U0000497', '0');
INSERT INTO `single_project` VALUES ('6975', '9999', 'U0000498', '0');
INSERT INTO `single_project` VALUES ('6976', '9999', 'U0000499', '0');
INSERT INTO `single_project` VALUES ('6977', '9999', 'U0000540', '0');
INSERT INTO `single_project` VALUES ('6978', '9999', 'U0000547', '0');
INSERT INTO `single_project` VALUES ('6979', '9999', 'U0000554', '0');
INSERT INTO `single_project` VALUES ('6980', '9999', 'U0000555', '0');
INSERT INTO `single_project` VALUES ('6981', '9999', 'U0000556', '0');
INSERT INTO `single_project` VALUES ('6982', '9999', 'U0000559', '0');
INSERT INTO `single_project` VALUES ('6983', '9999', 'U0000560', '0');
INSERT INTO `single_project` VALUES ('6984', '9999', 'U0000647', '0');
INSERT INTO `single_project` VALUES ('6985', '9999', 'U0000656', '0');
INSERT INTO `single_project` VALUES ('6986', '9999', 'U0000699', '0');
INSERT INTO `single_project` VALUES ('6987', '9999', 'U0000700', '0');
INSERT INTO `single_project` VALUES ('6988', '9999', 'U0000712', '0');
INSERT INTO `single_project` VALUES ('6989', '9999', 'U0000718', '0');
INSERT INTO `single_project` VALUES ('6990', '9999', 'U0000722', '0');
INSERT INTO `single_project` VALUES ('6991', '9999', 'U0000723', '0');
INSERT INTO `single_project` VALUES ('6992', '9999', 'U0000729', '0');
INSERT INTO `single_project` VALUES ('6993', '9999', 'U0000732', '0');
INSERT INTO `single_project` VALUES ('6994', '9999', 'U0000632', '0');
INSERT INTO `single_project` VALUES ('6995', '9999', 'U0000708', '0');
INSERT INTO `single_project` VALUES ('6996', '9999', 'U0000731', '0');
INSERT INTO `single_project` VALUES ('6997', '9999', 'U0000737', '0');
INSERT INTO `single_project` VALUES ('6998', '9999', 'U0000739', '0');
INSERT INTO `single_project` VALUES ('6999', '9999', 'U0000754', '0');
INSERT INTO `single_project` VALUES ('7000', '9999', 'U0000756', '0');
INSERT INTO `single_project` VALUES ('7001', '9999', 'U0000758', '0');
INSERT INTO `single_project` VALUES ('7002', '9999', 'U0000629', '0');
INSERT INTO `single_project` VALUES ('7003', '9999', 'U0000705', '0');
INSERT INTO `single_project` VALUES ('7004', '9999', 'U0000730', '0');
INSERT INTO `single_project` VALUES ('7005', '9999', 'U0000778', '0');
INSERT INTO `single_project` VALUES ('7006', '9999', 'U0000783', '0');
INSERT INTO `single_project` VALUES ('7007', '9999', 'U0000791', '0');
INSERT INTO `single_project` VALUES ('7008', '9999', 'U0000672', '0');
INSERT INTO `single_project` VALUES ('7009', '9999', 'U0000451', '0');
INSERT INTO `single_project` VALUES ('7010', '9999', 'U0000680', '0');
INSERT INTO `single_project` VALUES ('7011', '9999', 'U0000683', '0');
INSERT INTO `single_project` VALUES ('7012', '9999', 'U0000685', '0');
INSERT INTO `single_project` VALUES ('7013', '9999', 'U0000686', '0');
INSERT INTO `single_project` VALUES ('7014', '9999', 'U0000690', '0');
INSERT INTO `single_project` VALUES ('7015', '9999', 'U001', '0');
INSERT INTO `single_project` VALUES ('7016', '9999', 'U0000728', '0');
INSERT INTO `single_project` VALUES ('7017', '9999', 'U0000757', '0');
INSERT INTO `single_project` VALUES ('7018', '9999', 'U0000637', '0');
INSERT INTO `single_project` VALUES ('7019', '9999', 'U0000649', '0');
INSERT INTO `single_project` VALUES ('7020', '9999', 'U0000684', '0');
INSERT INTO `single_project` VALUES ('7021', '9999', 'U0000710', '0');
INSERT INTO `single_project` VALUES ('7022', '9999', 'U0000741', '0');
INSERT INTO `single_project` VALUES ('7023', '9999', 'U0000761', '0');
INSERT INTO `single_project` VALUES ('7024', '9999', 'U0000774', '0');
INSERT INTO `single_project` VALUES ('7025', '9999', 'U0000636', '0');
INSERT INTO `single_project` VALUES ('7026', '9999', 'U0000704', '0');
INSERT INTO `single_project` VALUES ('7027', '9999', 'U0000745', '0');
INSERT INTO `single_project` VALUES ('7028', '9999', 'U0000747', '0');
INSERT INTO `single_project` VALUES ('7029', '9999', 'U0000770', '0');
INSERT INTO `single_project` VALUES ('7030', '9999', 'U0000777', '0');
INSERT INTO `single_project` VALUES ('7031', '9999', 'U0000782', '0');
INSERT INTO `single_project` VALUES ('7032', '9999', 'U0000634', '0');
INSERT INTO `single_project` VALUES ('7033', '9999', 'U0000635', '0');
INSERT INTO `single_project` VALUES ('7034', '9999', 'U0000639', '0');
INSERT INTO `single_project` VALUES ('7035', '9999', 'U0000709', '0');
INSERT INTO `single_project` VALUES ('7036', '9999', 'U0000715', '0');
INSERT INTO `single_project` VALUES ('7037', '9999', 'U0000716', '0');
INSERT INTO `single_project` VALUES ('7038', '9999', 'U0000717', '0');
INSERT INTO `single_project` VALUES ('7039', '9999', 'U0000725', '0');
INSERT INTO `single_project` VALUES ('7040', '9999', 'U0000669', '0');
INSERT INTO `single_project` VALUES ('7041', '9999', 'U0000670', '0');
INSERT INTO `single_project` VALUES ('7042', '9999', 'U0000674', '0');
INSERT INTO `single_project` VALUES ('7043', '9999', 'U0000676', '0');
INSERT INTO `single_project` VALUES ('7044', '9999', 'U0000682', '0');
INSERT INTO `single_project` VALUES ('7045', '9999', 'U0000688', '0');
INSERT INTO `single_project` VALUES ('7046', '9999', 'U0000689', '0');
INSERT INTO `single_project` VALUES ('7047', '9999', 'U0000691', '0');
INSERT INTO `single_project` VALUES ('7048', '9999', 'U0000694', '0');
INSERT INTO `single_project` VALUES ('7049', '9999', 'U0000696', '0');
INSERT INTO `single_project` VALUES ('7050', '9999', 'U0000697', '0');
INSERT INTO `single_project` VALUES ('7051', '9999', 'U0000698', '0');
INSERT INTO `single_project` VALUES ('7052', '9999', 'U0000800', '0');
INSERT INTO `single_project` VALUES ('7053', '9999', 'U0000797', '0');
INSERT INTO `single_project` VALUES ('7054', '9999', 'U0000811', '0');
INSERT INTO `single_project` VALUES ('7055', '9999', 'U0000810', '0');
INSERT INTO `single_project` VALUES ('7087', '118', 'U0000493', '0');
INSERT INTO `single_project` VALUES ('7088', '118', 'U0000582', '0');
INSERT INTO `single_project` VALUES ('7094', '221', 'U0000362', '0');
INSERT INTO `single_project` VALUES ('7163', '9999', 'U0023', '0');
INSERT INTO `single_project` VALUES ('7164', '9999', 'U003', '0');
INSERT INTO `single_project` VALUES ('7166', '9999', 'U0000348', '0');
INSERT INTO `single_project` VALUES ('7178', '543', 'U0000364', '1');
INSERT INTO `single_project` VALUES ('7284', '130', 'U0000418', '1');
INSERT INTO `single_project` VALUES ('7341', '662', 'U0000854', '1');
INSERT INTO `single_project` VALUES ('7364', '342', 'U0000676', '0');
INSERT INTO `single_project` VALUES ('7401', '622', 'U0000362', '0');
INSERT INTO `single_project` VALUES ('7428', '742', 'U0000376', '0');
INSERT INTO `single_project` VALUES ('7522', '9999', 'U0000873', '0');
INSERT INTO `single_project` VALUES ('7523', '9999', 'U0000870', '0');
INSERT INTO `single_project` VALUES ('7524', '9999', 'U0000872', '0');
INSERT INTO `single_project` VALUES ('7540', '722', 'U0000546', '1');
INSERT INTO `single_project` VALUES ('7560', '822', 'U0000873', '1');
INSERT INTO `single_project` VALUES ('7604', '846', 'U0000368', '1');
INSERT INTO `single_project` VALUES ('7620', '846', 'U0000504', '0');
INSERT INTO `single_project` VALUES ('7621', '846', 'U0000497', '0');
INSERT INTO `single_project` VALUES ('7622', '846', 'U0000498', '0');
INSERT INTO `single_project` VALUES ('7669', '343', 'U0000925', '0');
INSERT INTO `single_project` VALUES ('7676', '702', 'U0000504', '0');
INSERT INTO `single_project` VALUES ('7706', '120', 'U0000875', '0');
INSERT INTO `single_project` VALUES ('7769', '802', 'U0000932', '0');
INSERT INTO `single_project` VALUES ('7770', '782', 'U0000747', '0');
INSERT INTO `single_project` VALUES ('7806', '742', 'U0000607', '0');
INSERT INTO `single_project` VALUES ('7826', '945', 'U0000932', '0');
INSERT INTO `single_project` VALUES ('5121', '61', 'U0000497', '0');
INSERT INTO `single_project` VALUES ('6119', '283', 'U0000607', '0');
INSERT INTO `single_project` VALUES ('1188', '103', 'U0000711', '1');
INSERT INTO `single_project` VALUES ('1189', '115', 'U0000711', '1');
INSERT INTO `single_project` VALUES ('1226', '128', 'U0000371', '0');
INSERT INTO `single_project` VALUES ('4482', '138', 'U0000756', '0');
INSERT INTO `single_project` VALUES ('6117', '282', 'U0000607', '1');
INSERT INTO `single_project` VALUES ('6118', '241', 'U0000607', '1');
INSERT INTO `single_project` VALUES ('5942', '118', 'U0000697', '0');
INSERT INTO `single_project` VALUES ('5960', '133', 'U0000722', '0');
INSERT INTO `single_project` VALUES ('5674', '342', 'U0000734', '0');
INSERT INTO `single_project` VALUES ('5950', '118', 'U0000581', '0');
INSERT INTO `single_project` VALUES ('7095', '242', 'U0000362', '0');
INSERT INTO `single_project` VALUES ('363', '131', 'U0000550', '0');
INSERT INTO `single_project` VALUES ('7123', '9999', 'U0000368', '0');
INSERT INTO `single_project` VALUES ('7222', '145', 'U0000649', '0');
INSERT INTO `single_project` VALUES ('1100', '120', 'U0000390', '0');
INSERT INTO `single_project` VALUES ('1301', '135', 'U0000681', '0');
INSERT INTO `single_project` VALUES ('7223', '582', 'U0000368', '1');
INSERT INTO `single_project` VALUES ('3082', '61', 'U0000382', '0');
INSERT INTO `single_project` VALUES ('7226', '582', 'U0000439', '0');
INSERT INTO `single_project` VALUES ('1192', '120', 'U0000709', '0');
INSERT INTO `single_project` VALUES ('7227', '582', 'U0000511', '0');
INSERT INTO `single_project` VALUES ('7228', '582', 'U001', '0');
INSERT INTO `single_project` VALUES ('1302', '213', 'U0000681', '0');
INSERT INTO `single_project` VALUES ('7242', '381', 'U0000635', '0');
INSERT INTO `single_project` VALUES ('5951', '109', 'U0000581', '0');
INSERT INTO `single_project` VALUES ('748', '137', 'U0000139', '0');
INSERT INTO `single_project` VALUES ('7260', '9999', 'U0000843', '0');
INSERT INTO `single_project` VALUES ('5961', '109', 'U0000722', '0');
INSERT INTO `single_project` VALUES ('5119', '161', 'U0000497', '0');
INSERT INTO `single_project` VALUES ('5967', '118', 'U0000747', '0');
INSERT INTO `single_project` VALUES ('7262', '9999', 'U0000841', '0');
INSERT INTO `single_project` VALUES ('1203', '120', 'U0000539', '0');
INSERT INTO `single_project` VALUES ('1216', '120', 'U0000708', '0');
INSERT INTO `single_project` VALUES ('1220', '120', 'U0000710', '0');
INSERT INTO `single_project` VALUES ('7264', '604', 'U0000432', '0');
INSERT INTO `single_project` VALUES ('7265', '604', 'U0000135', '0');
INSERT INTO `single_project` VALUES ('7266', '242', 'U0000696', '0');
INSERT INTO `single_project` VALUES ('3717', '146', 'U0000643', '0');
INSERT INTO `single_project` VALUES ('5120', '112', 'U0000497', '0');
INSERT INTO `single_project` VALUES ('5265', '422', 'U0000618', '0');
INSERT INTO `single_project` VALUES ('5266', '136', 'U0000618', '0');
INSERT INTO `single_project` VALUES ('5267', '213', 'U0000618', '0');
INSERT INTO `single_project` VALUES ('1820', '140', 'U0000269', '0');
INSERT INTO `single_project` VALUES ('5958', '118', 'U0000722', '0');
INSERT INTO `single_project` VALUES ('1821', '138', 'U0000269', '0');
INSERT INTO `single_project` VALUES ('5959', '213', 'U0000722', '0');
INSERT INTO `single_project` VALUES ('5968', '109', 'U0000747', '0');
INSERT INTO `single_project` VALUES ('7302', '124', 'U0000485', '0');
INSERT INTO `single_project` VALUES ('7340', '9999', 'U0000854', '0');
INSERT INTO `single_project` VALUES ('5969', '128', 'U0000528', '0');
INSERT INTO `single_project` VALUES ('5970', '106', 'U0000528', '0');
INSERT INTO `single_project` VALUES ('7380', '342', 'U0000629', '0');
INSERT INTO `single_project` VALUES ('2549', '109', 'U0000375', '0');
INSERT INTO `single_project` VALUES ('1862', '140', 'U0000523', '0');
INSERT INTO `single_project` VALUES ('1899', '124', 'U0000717', '0');
INSERT INTO `single_project` VALUES ('7381', '342', 'U0000857', '0');
INSERT INTO `single_project` VALUES ('1876', '143', 'U0000444', '0');
INSERT INTO `single_project` VALUES ('2550', '106', 'U0000375', '0');
INSERT INTO `single_project` VALUES ('5544', '137', 'U0000489', '1');
INSERT INTO `single_project` VALUES ('2551', '108', 'U0000375', '0');
INSERT INTO `single_project` VALUES ('3718', '140', 'U0000643', '0');
INSERT INTO `single_project` VALUES ('3719', '141', 'U0000643', '0');
INSERT INTO `single_project` VALUES ('2170', '120', 'U0000560', '0');
INSERT INTO `single_project` VALUES ('5568', '145', 'U0000479', '0');
INSERT INTO `single_project` VALUES ('6703', '143', 'U0000463', '0');
INSERT INTO `single_project` VALUES ('6701', '139', 'U0000463', '0');
INSERT INTO `single_project` VALUES ('7389', '682', 'U001', '1');
INSERT INTO `single_project` VALUES ('7430', '9999', 'U0000880', '0');
INSERT INTO `single_project` VALUES ('6702', '142', 'U0000463', '0');
INSERT INTO `single_project` VALUES ('2567', '281', 'U0000680', '0');
INSERT INTO `single_project` VALUES ('6704', '482', 'U0000632', '1');
INSERT INTO `single_project` VALUES ('5881', '206', 'U0000745', '0');
INSERT INTO `single_project` VALUES ('2568', '135', 'U0000680', '0');
INSERT INTO `single_project` VALUES ('2569', '213', 'U0000680', '0');
INSERT INTO `single_project` VALUES ('7432', '9999', 'U0000835', '0');
INSERT INTO `single_project` VALUES ('7434', '9999', 'U0000859', '0');
INSERT INTO `single_project` VALUES ('7436', '283', 'U0000700', '0');
INSERT INTO `single_project` VALUES ('7437', '722', 'U0000700', '0');
INSERT INTO `single_project` VALUES ('7440', '722', 'U0000812', '0');
INSERT INTO `single_project` VALUES ('6171', '124', 'U0000716', '0');
INSERT INTO `single_project` VALUES ('3051', '343', 'U0000629', '0');
INSERT INTO `single_project` VALUES ('7441', '283', 'U0000812', '0');
INSERT INTO `single_project` VALUES ('6013', '131', 'U0000761', '0');
INSERT INTO `single_project` VALUES ('7445', '283', 'U0000546', '1');
INSERT INTO `single_project` VALUES ('7502', '782', 'U0000629', '0');
INSERT INTO `single_project` VALUES ('7503', '782', 'U0000858', '0');
INSERT INTO `single_project` VALUES ('7561', '822', 'U0000871', '0');
INSERT INTO `single_project` VALUES ('2382', '140', 'U0000416', '0');
INSERT INTO `single_project` VALUES ('7582', '118', 'U0000858', '0');
INSERT INTO `single_project` VALUES ('7602', '844', 'U0000368', '1');
INSERT INTO `single_project` VALUES ('7603', '845', 'U0000368', '1');
INSERT INTO `single_project` VALUES ('3487', '142', 'U0000626', '0');
INSERT INTO `single_project` VALUES ('6012', '119', 'U0000761', '0');
INSERT INTO `single_project` VALUES ('7605', '847', 'U0000368', '1');
INSERT INTO `single_project` VALUES ('3645', '206', 'U0000677', '1');
INSERT INTO `single_project` VALUES ('7612', '845', 'U0000439', '0');
INSERT INTO `single_project` VALUES ('7613', '845', 'U0000499', '0');
INSERT INTO `single_project` VALUES ('3080', '321', 'U0000382', '0');
INSERT INTO `single_project` VALUES ('3081', '112', 'U0000382', '0');
INSERT INTO `single_project` VALUES ('7614', '846', 'U0000439', '0');
INSERT INTO `single_project` VALUES ('3707', '118', 'U0000733', '0');
INSERT INTO `single_project` VALUES ('2548', '128', 'U0000375', '0');
INSERT INTO `single_project` VALUES ('7615', '846', 'U0000499', '0');
INSERT INTO `single_project` VALUES ('7616', '846', 'U001', '0');
INSERT INTO `single_project` VALUES ('7668', '863', 'U001', '1');
INSERT INTO `single_project` VALUES ('7673', '802', 'U0000629', '0');
INSERT INTO `single_project` VALUES ('7674', '802', 'U0000857', '0');
INSERT INTO `single_project` VALUES ('3748', '342', 'U0000685', '0');
INSERT INTO `single_project` VALUES ('3749', '213', 'U0000685', '0');
INSERT INTO `single_project` VALUES ('7675', '802', 'U0000921', '0');
INSERT INTO `single_project` VALUES ('6120', '481', 'U0000607', '1');
INSERT INTO `single_project` VALUES ('7687', '9999', 'U0000921', '0');
INSERT INTO `single_project` VALUES ('7690', '802', 'U0000698', '0');
INSERT INTO `single_project` VALUES ('7692', '703', 'U0000607', '1');
INSERT INTO `single_project` VALUES ('7695', '882', 'U0000394', '1');
INSERT INTO `single_project` VALUES ('7697', '883', 'U0000394', '1');
INSERT INTO `single_project` VALUES ('7707', '120', 'U0000874', '0');
INSERT INTO `single_project` VALUES ('7710', '902', 'U0000439', '1');
INSERT INTO `single_project` VALUES ('7727', '863', 'U0000930', '0');
INSERT INTO `single_project` VALUES ('7746', '9999', 'U0000937', '0');
INSERT INTO `single_project` VALUES ('7771', '945', 'U001', '1');
INSERT INTO `single_project` VALUES ('7792', '945', 'U0000930', '0');
INSERT INTO `single_project` VALUES ('7886', '982', 'U0000394', '1');
INSERT INTO `single_project` VALUES ('369', '131', 'U0000554', '0');
INSERT INTO `single_project` VALUES ('1222', '120', 'U0000706', '0');
INSERT INTO `single_project` VALUES ('6811', '263', 'U0000511', '1');
INSERT INTO `single_project` VALUES ('6812', '361', 'U0000511', '1');
INSERT INTO `single_project` VALUES ('652', '122', 'U0000582', '0');
INSERT INTO `single_project` VALUES ('1304', '202', 'U0000678', '0');
INSERT INTO `single_project` VALUES ('6813', '362', 'U0000511', '1');
INSERT INTO `single_project` VALUES ('6814', '61', 'U0000511', '1');
INSERT INTO `single_project` VALUES ('2896', '120', 'U0000540', '0');
INSERT INTO `single_project` VALUES ('6421', '109', 'U0000347', '1');
INSERT INTO `single_project` VALUES ('7082', '9999', 'U0000820', '0');
INSERT INTO `single_project` VALUES ('6815', '105', 'U0000511', '1');
INSERT INTO `single_project` VALUES ('3782', '342', 'U0000670', '1');
INSERT INTO `single_project` VALUES ('3783', '202', 'U0000670', '1');
INSERT INTO `single_project` VALUES ('6816', '106', 'U0000511', '1');
INSERT INTO `single_project` VALUES ('6817', '110', 'U0000511', '1');
INSERT INTO `single_project` VALUES ('6818', '264', 'U0000511', '1');
INSERT INTO `single_project` VALUES ('6819', '321', 'U0000511', '1');
INSERT INTO `single_project` VALUES ('6820', '421', 'U0000511', '1');
INSERT INTO `single_project` VALUES ('6821', '261', 'U0000511', '1');
INSERT INTO `single_project` VALUES ('7083', '9999', 'U0000821', '0');
INSERT INTO `single_project` VALUES ('6822', '262', 'U0000511', '1');
INSERT INTO `single_project` VALUES ('6824', '128', 'U0000362', '0');
INSERT INTO `single_project` VALUES ('5105', '21', 'U0000777', '0');
INSERT INTO `single_project` VALUES ('4898', '381', 'U0000760', '0');
INSERT INTO `single_project` VALUES ('6826', '146', 'U0000454', '0');
INSERT INTO `single_project` VALUES ('6809', '112', 'U0000511', '1');
INSERT INTO `single_project` VALUES ('781', '131', 'U0000553', '0');
INSERT INTO `single_project` VALUES ('5106', '381', 'U0000777', '0');
INSERT INTO `single_project` VALUES ('5107', '129', 'U0000777', '0');
INSERT INTO `single_project` VALUES ('5108', '131', 'U0000777', '0');
INSERT INTO `single_project` VALUES ('6810', '182', 'U0000511', '1');
INSERT INTO `single_project` VALUES ('6382', '142', 'U003', '1');
INSERT INTO `single_project` VALUES ('1463', '137', 'U0000450', '0');
INSERT INTO `single_project` VALUES ('6843', '210', 'U0000525', '1');
INSERT INTO `single_project` VALUES ('6844', '204', 'U0000525', '1');
INSERT INTO `single_project` VALUES ('5670', '342', 'U0000741', '0');
INSERT INTO `single_project` VALUES ('6845', '211', 'U0000525', '1');
INSERT INTO `single_project` VALUES ('5668', '213', 'U0000741', '0');
INSERT INTO `single_project` VALUES ('5669', '241', 'U0000741', '0');
INSERT INTO `single_project` VALUES ('5077', '120', 'U0000758', '0');
INSERT INTO `single_project` VALUES ('5104', '119', 'U0000777', '0');
INSERT INTO `single_project` VALUES ('6846', '212', 'U0000525', '1');
INSERT INTO `single_project` VALUES ('6847', '209', 'U0000525', '1');
INSERT INTO `single_project` VALUES ('6897', '523', 'U0000508', '1');
INSERT INTO `single_project` VALUES ('7084', '9999', 'U0000823', '0');
INSERT INTO `single_project` VALUES ('3503', '145', 'U0000655', '0');
INSERT INTO `single_project` VALUES ('6841', '207', 'U0000525', '1');
INSERT INTO `single_project` VALUES ('6842', '208', 'U0000525', '1');
INSERT INTO `single_project` VALUES ('7085', '321', 'U0000485', '0');
INSERT INTO `single_project` VALUES ('7086', '106', 'U0000362', '0');
INSERT INTO `single_project` VALUES ('7090', '481', 'U0000515', '0');
INSERT INTO `single_project` VALUES ('7091', '481', 'U0000647', '0');
INSERT INTO `single_project` VALUES ('7096', '422', 'U0000812', '0');
INSERT INTO `single_project` VALUES ('7097', '9999', 'U0000812', '0');
INSERT INTO `single_project` VALUES ('7100', '213', 'U0000684', '1');
INSERT INTO `single_project` VALUES ('7121', '9999', 'U0014', '0');
INSERT INTO `single_project` VALUES ('7161', '9999', 'U0000719', '0');

-- ----------------------------
-- Table structure for user
-- ----------------------------
DROP TABLE IF EXISTS `user`;
CREATE TABLE `user` (
  `uid` int(11) NOT NULL AUTO_INCREMENT,
  `username` varchar(255) DEFAULT NULL,
  `password` varchar(255) DEFAULT NULL,
  PRIMARY KEY (`uid`)
) ENGINE=InnoDB AUTO_INCREMENT=31 DEFAULT CHARSET=utf8;

-- ----------------------------
-- Records of user
-- ----------------------------
INSERT INTO `user` VALUES ('28', 'clot', '2YecI17N58Se1Ha7Aa7N98G75B03AfcNbfMb3A73Se8Ud9O3');
INSERT INTO `user` VALUES ('30', 'sheamus', '2YecI17N58Se1Ha7Aa7N98G75B03AfcNbfMb3A73Se8Ud9O3');

-- ----------------------------
-- Table structure for user_role
-- ----------------------------
DROP TABLE IF EXISTS `user_role`;
CREATE TABLE `user_role` (
  `uid` int(11) DEFAULT NULL,
  `rid` int(11) DEFAULT NULL,
  KEY `u_fk` (`uid`),
  KEY `r_fk` (`rid`),
  CONSTRAINT `r_fk` FOREIGN KEY (`rid`) REFERENCES `role` (`rid`),
  CONSTRAINT `u_fk` FOREIGN KEY (`uid`) REFERENCES `user` (`uid`)
) ENGINE=InnoDB DEFAULT CHARSET=utf8;

-- ----------------------------
-- Records of user_role
-- ----------------------------
